,Item,Ref_Wave,Test_Wave,Mushra_Scores,Utterance,Folder,Condition,Codec,Rate_kbps,sampleMOS,conditionMOS,conditionCI,DataBase,sampleSTD,sampleCI,Degradation,sumVotes,CodecCombination,Q_Value_dB,EXP,NoiseType,ErrorType,ErrorRate%,warp_q_mfcc,warp_q_mel,pesq
0,,resources/TCDvoip/Test_Set/ECHO/ref/R_01_ECHO_FA.wav,resources/TCDvoip/Test_Set/ECHO/C_01_ECHO_FA.wav,,,,1,,,4.583333333,4.677083333,0.107383045,TCDvoip,0.653862548,0.261599502,ECHO,110,,,,,,,0.0,0.0,4.643888473510742
1,,resources/TCDvoip/Test_Set/ECHO/ref/R_01_ECHO_FG.wav,resources/TCDvoip/Test_Set/ECHO/C_01_ECHO_FG.wav,,,,1,,,4.708333333,4.677083333,0.107383045,TCDvoip,0.464305621,0.185760937,ECHO,113,,,,,,,0.0,0.0,4.643888473510742
2,,resources/TCDvoip/Test_Set/ECHO/ref/R_01_ECHO_MK.wav,resources/TCDvoip/Test_Set/ECHO/C_01_ECHO_MK.wav,,,,1,,,4.875,4.677083333,0.107383045,TCDvoip,0.337831962,0.135160935,ECHO,117,,,,,,,0.0,0.0,4.643888473510742
3,,resources/TCDvoip/Test_Set/ECHO/ref/R_01_ECHO_ML.wav,resources/TCDvoip/Test_Set/ECHO/C_01_ECHO_ML.wav,,,,1,,,4.541666667,4.677083333,0.107383045,TCDvoip,0.65800533,0.26325696,ECHO,109,,,,,,,0.0,0.0,4.643888473510742
4,,resources/TCDvoip/Test_Set/ECHO/ref/R_02_ECHO_FA.wav,resources/TCDvoip/Test_Set/ECHO/C_02_ECHO_FA.wav,,,,2,,,4.541666667,4.635416667,0.1225,TCDvoip,0.721060009,0.288484086,ECHO,109,,,,,,,0.12420919183098639,0.19766959328455494,4.450554847717285
5,,resources/TCDvoip/Test_Set/ECHO/ref/R_02_ECHO_FG.wav,resources/TCDvoip/Test_Set/ECHO/C_02_ECHO_FG.wav,,,,2,,,4.75,4.635416667,0.1225,TCDvoip,0.531609533,0.212688109,ECHO,114,,,,,,,0.15295194619695424,0.21872006906298672,4.379987716674805
6,,resources/TCDvoip/Test_Set/ECHO/ref/R_02_ECHO_MK.wav,resources/TCDvoip/Test_Set/ECHO/C_02_ECHO_MK.wav,,,,2,,,4.583333333,4.635416667,0.1225,TCDvoip,0.653862548,0.261599502,ECHO,110,,,,,,,0.13409895405169775,0.2091225055957835,4.368439674377441
7,,resources/TCDvoip/Test_Set/ECHO/ref/R_02_ECHO_ML.wav,resources/TCDvoip/Test_Set/ECHO/C_02_ECHO_ML.wav,,,,2,,,4.666666667,4.635416667,0.1225,TCDvoip,0.564659703,0.225910931,ECHO,112,,,,,,,0.11950454897643857,0.19371912940443475,4.3943915367126465
8,,resources/TCDvoip/Test_Set/ECHO/ref/R_03_ECHO_FA.wav,resources/TCDvoip/Test_Set/ECHO/C_03_ECHO_FA.wav,,,,3,,,4.625,4.604166667,0.116553015,TCDvoip,0.646898957,0.258813486,ECHO,111,,,,,,,0.10178774457847962,0.009860384727587245,4.541463375091553
9,,resources/TCDvoip/Test_Set/ECHO/ref/R_03_ECHO_FG.wav,resources/TCDvoip/Test_Set/ECHO/C_03_ECHO_FG.wav,,,,3,,,4.666666667,4.604166667,0.116553015,TCDvoip,0.481543412,0.192657489,ECHO,112,,,,,,,0.12010225051840154,0.013200065149498518,4.534121990203857
10,,resources/TCDvoip/Test_Set/ECHO/ref/R_03_ECHO_MK.wav,resources/TCDvoip/Test_Set/ECHO/C_03_ECHO_MK.wav,,,,3,,,4.666666667,4.604166667,0.116553015,TCDvoip,0.564659703,0.225910931,ECHO,112,,,,,,,0.1452793042289157,0.008708391642410553,4.429224967956543
11,,resources/TCDvoip/Test_Set/ECHO/ref/R_03_ECHO_ML.wav,resources/TCDvoip/Test_Set/ECHO/C_03_ECHO_ML.wav,,,,3,,,4.458333333,4.604166667,0.116553015,TCDvoip,0.65800533,0.26325696,ECHO,107,,,,,,,0.11826075819615343,0.011970110702672232,4.524640083312988
12,,resources/TCDvoip/Test_Set/ECHO/ref/R_04_ECHO_FA.wav,resources/TCDvoip/Test_Set/ECHO/C_04_ECHO_FA.wav,,,,4,,,4.75,4.479166667,0.126794603,TCDvoip,0.442325868,0.176967204,ECHO,114,,,,,,,0.311949118596496,0.027808304158489443,4.056041717529297
13,,resources/TCDvoip/Test_Set/ECHO/ref/R_04_ECHO_FG.wav,resources/TCDvoip/Test_Set/ECHO/C_04_ECHO_FG.wav,,,,4,,,4.333333333,4.479166667,0.126794603,TCDvoip,0.564659703,0.225910931,ECHO,104,,,,,,,0.28289185304272446,0.028112174677596493,4.084482192993164
14,,resources/TCDvoip/Test_Set/ECHO/ref/R_04_ECHO_MK.wav,resources/TCDvoip/Test_Set/ECHO/C_04_ECHO_MK.wav,,,,4,,,4.25,4.479166667,0.126794603,TCDvoip,0.793999233,0.317665853,ECHO,102,,,,,,,0.21768831304945446,0.03744204770585575,4.207402229309082
15,,resources/TCDvoip/Test_Set/ECHO/ref/R_04_ECHO_ML.wav,resources/TCDvoip/Test_Set/ECHO/C_04_ECHO_ML.wav,,,,4,,,4.583333333,4.479166667,0.126794603,TCDvoip,0.717281502,0.286972368,ECHO,110,,,,,,,0.20519967589231425,0.035777604184577365,4.342423439025879
16,,resources/TCDvoip/Test_Set/ECHO/ref/R_05_ECHO_FA.wav,resources/TCDvoip/Test_Set/ECHO/C_05_ECHO_FA.wav,,,,5,,,3.833333333,3.71875,0.184286497,TCDvoip,0.963086825,0.385314979,ECHO,92,,,,,,,0.4594413431870522,1.266495994096272,2.851123571395874
17,,resources/TCDvoip/Test_Set/ECHO/ref/R_05_ECHO_FG.wav,resources/TCDvoip/Test_Set/ECHO/C_05_ECHO_FG.wav,,,,5,,,3.75,3.71875,0.184286497,TCDvoip,0.846989554,0.338866397,ECHO,90,,,,,,,0.41172738562628514,1.2775584401591804,2.93900728225708
18,,resources/TCDvoip/Test_Set/ECHO/ref/R_05_ECHO_MK.wav,resources/TCDvoip/Test_Set/ECHO/C_05_ECHO_MK.wav,,,,5,,,3.583333333,3.71875,0.184286497,TCDvoip,0.880546602,0.352292012,ECHO,86,,,,,,,0.4399131324043284,1.2496482979584882,2.93892240524292
19,,resources/TCDvoip/Test_Set/ECHO/ref/R_05_ECHO_ML.wav,resources/TCDvoip/Test_Set/ECHO/C_05_ECHO_ML.wav,,,,5,,,3.708333333,3.71875,0.184286497,TCDvoip,1.041702898,0.416767959,ECHO,89,,,,,,,0.4530149657220561,1.3351128398989445,2.893343687057495
20,,resources/TCDvoip/Test_Set/ECHO/ref/R_06_ECHO_FA.wav,resources/TCDvoip/Test_Set/ECHO/C_06_ECHO_FA.wav,,,,6,,,4.125,4.0625,0.144276426,TCDvoip,0.679673835,0.271926168,ECHO,99,,,,,,,0.3564611753299035,0.11689154605580399,3.6236822605133057
21,,resources/TCDvoip/Test_Set/ECHO/ref/R_06_ECHO_FG.wav,resources/TCDvoip/Test_Set/ECHO/C_06_ECHO_FG.wav,,,,6,,,4.041666667,4.0625,0.144276426,TCDvoip,0.907896119,0.363234098,ECHO,97,,,,,,,0.3725017689606236,0.3431412312220806,3.5491342544555664
22,,resources/TCDvoip/Test_Set/ECHO/ref/R_06_ECHO_MK.wav,resources/TCDvoip/Test_Set/ECHO/C_06_ECHO_MK.wav,,,,6,,,3.833333333,4.0625,0.144276426,TCDvoip,0.701964118,0.280844138,ECHO,92,,,,,,,0.33811870208783523,0.40822376481758155,3.6934850215911865
23,,resources/TCDvoip/Test_Set/ECHO/ref/R_06_ECHO_ML.wav,resources/TCDvoip/Test_Set/ECHO/C_06_ECHO_ML.wav,,,,6,,,4.25,4.0625,0.144276426,TCDvoip,0.607918759,0.243218158,ECHO,102,,,,,,,0.4174497550562392,0.11974702540856232,3.651576042175293
24,,resources/TCDvoip/Test_Set/ECHO/ref/R_07_ECHO_FA.wav,resources/TCDvoip/Test_Set/ECHO/C_07_ECHO_FA.wav,,,,7,,,3.125,3.5625,0.187449837,TCDvoip,1.115600832,0.44633329,ECHO,75,,,,,,,0.47898060589492725,0.08044334406207816,3.4762754440307617
25,,resources/TCDvoip/Test_Set/ECHO/ref/R_07_ECHO_FG.wav,resources/TCDvoip/Test_Set/ECHO/C_07_ECHO_FG.wav,,,,7,,,3.666666667,3.5625,0.187449837,TCDvoip,1.00722031,0.40297205,ECHO,88,,,,,,,0.48992886191727336,0.08575122684634248,3.0503714084625244
26,,resources/TCDvoip/Test_Set/ECHO/ref/R_07_ECHO_MK.wav,resources/TCDvoip/Test_Set/ECHO/C_07_ECHO_MK.wav,,,,7,,,3.708333333,3.5625,0.187449837,TCDvoip,0.907896119,0.363234098,ECHO,89,,,,,,,0.4240863765230724,0.10123924288014693,3.4837794303894043
27,,resources/TCDvoip/Test_Set/ECHO/ref/R_07_ECHO_ML.wav,resources/TCDvoip/Test_Set/ECHO/C_07_ECHO_ML.wav,,,,7,,,3.75,3.5625,0.187449837,TCDvoip,0.737209781,0.29494534,ECHO,90,,,,,,,0.4683839188616584,0.5273831777881131,3.3676886558532715
28,,resources/TCDvoip/Test_Set/ECHO/ref/R_08_ECHO_FA.wav,resources/TCDvoip/Test_Set/ECHO/C_08_ECHO_FA.wav,,,,8,,,3.416666667,3.333333333,0.161930378,TCDvoip,0.880546602,0.352292012,ECHO,82,,,,,,,0.6357360141135393,1.2524484217656506,1.7462561130523682
29,,resources/TCDvoip/Test_Set/ECHO/ref/R_08_ECHO_FG.wav,resources/TCDvoip/Test_Set/ECHO/C_08_ECHO_FG.wav,,,,8,,,3.583333333,3.333333333,0.161930378,TCDvoip,0.775531608,0.310277264,ECHO,86,,,,,,,0.6374429290244028,1.2149854203962862,1.7808146476745605
30,,resources/TCDvoip/Test_Set/ECHO/ref/R_08_ECHO_MK.wav,resources/TCDvoip/Test_Set/ECHO/C_08_ECHO_MK.wav,,,,8,,,3.208333333,3.333333333,0.161930378,TCDvoip,0.832970936,0.333257781,ECHO,77,,,,,,,0.6813566351086519,1.0906529754017387,1.9968640804290771
31,,resources/TCDvoip/Test_Set/ECHO/ref/R_08_ECHO_ML.wav,resources/TCDvoip/Test_Set/ECHO/C_08_ECHO_ML.wav,,,,8,,,3.125,3.333333333,0.161930378,TCDvoip,0.7974143,0.319032164,ECHO,75,,,,,,,0.6566099421628074,1.2456877386170349,2.1458935737609863
32,,resources/TCDvoip/Test_Set/ECHO/ref/R_09_ECHO_FA.wav,resources/TCDvoip/Test_Set/ECHO/C_09_ECHO_FA.wav,,,,9,,,2.958333333,2.958333333,0.153928811,TCDvoip,0.806450444,0.322647375,ECHO,71,,,,,,,0.5991545411608608,1.7241173243981258,2.231762170791626
33,,resources/TCDvoip/Test_Set/ECHO/ref/R_09_ECHO_FG.wav,resources/TCDvoip/Test_Set/ECHO/C_09_ECHO_FG.wav,,,,9,,,2.833333333,2.958333333,0.153928811,TCDvoip,0.963086825,0.385314979,ECHO,68,,,,,,,0.5459685910556669,1.4725506509392936,1.8063589334487915
34,,resources/TCDvoip/Test_Set/ECHO/ref/R_09_ECHO_MK.wav,resources/TCDvoip/Test_Set/ECHO/C_09_ECHO_MK.wav,,,,9,,,3.166666667,2.958333333,0.153928811,TCDvoip,0.701964118,0.280844138,ECHO,76,,,,,,,0.6106221806145676,1.6100280892452887,1.9506030082702637
35,,resources/TCDvoip/Test_Set/ECHO/ref/R_09_ECHO_ML.wav,resources/TCDvoip/Test_Set/ECHO/C_09_ECHO_ML.wav,,,,9,,,2.875,2.958333333,0.153928811,TCDvoip,0.612372436,0.245,ECHO,69,,,,,,,0.6689715943118045,1.7347510672597113,1.899735450744629
36,,resources/TCDvoip/Test_Set/ECHO/ref/R_10_ECHO_FA.wav,resources/TCDvoip/Test_Set/ECHO/C_10_ECHO_FA.wav,,,,10,,,3.833333333,3.71875,0.158921783,TCDvoip,0.761386988,0.304618237,ECHO,92,,,,,,,0.49638714400354167,0.27691248649615324,2.769756555557251
37,,resources/TCDvoip/Test_Set/ECHO/ref/R_10_ECHO_FG.wav,resources/TCDvoip/Test_Set/ECHO/C_10_ECHO_FG.wav,,,,10,,,3.833333333,3.71875,0.158921783,TCDvoip,0.761386988,0.304618237,ECHO,92,,,,,,,0.5218851962765267,0.1544924246415292,3.022118091583252
38,,resources/TCDvoip/Test_Set/ECHO/ref/R_10_ECHO_MK.wav,resources/TCDvoip/Test_Set/ECHO/C_10_ECHO_MK.wav,,,,10,,,3.541666667,3.71875,0.158921783,TCDvoip,0.779027636,0.311675967,ECHO,85,,,,,,,0.5049835756567264,0.21032297474584538,3.0630171298980713
39,,resources/TCDvoip/Test_Set/ECHO/ref/R_10_ECHO_ML.wav,resources/TCDvoip/Test_Set/ECHO/C_10_ECHO_ML.wav,,,,10,,,3.666666667,3.71875,0.158921783,TCDvoip,0.916831342,0.366808932,ECHO,88,,,,,,,0.4827571249569502,0.22360929986501987,3.257448673248291
40,,resources/TCDvoip/Test_Set/ECHO/ref/R_11_ECHO_FA.wav,resources/TCDvoip/Test_Set/ECHO/C_11_ECHO_FA.wav,,,,11,,,3.125,3.145833333,0.159747928,TCDvoip,0.679673835,0.271926168,ECHO,75,,,,,,,0.7043280685105558,0.7859816347436588,2.160759449005127
41,,resources/TCDvoip/Test_Set/ECHO/ref/R_11_ECHO_FG.wav,resources/TCDvoip/Test_Set/ECHO/C_11_ECHO_FG.wav,,,,11,,,2.833333333,3.145833333,0.159747928,TCDvoip,0.868114732,0.347318228,ECHO,68,,,,,,,0.8070616130832765,0.43276834076566045,1.689854383468628
42,,resources/TCDvoip/Test_Set/ECHO/ref/R_11_ECHO_MK.wav,resources/TCDvoip/Test_Set/ECHO/C_11_ECHO_MK.wav,,,,11,,,3.5,3.145833333,0.159747928,TCDvoip,0.884651737,0.353934408,ECHO,84,,,,,,,0.7171913130308049,0.5411497853663709,1.8940305709838867
43,,resources/TCDvoip/Test_Set/ECHO/ref/R_11_ECHO_ML.wav,resources/TCDvoip/Test_Set/ECHO/C_11_ECHO_ML.wav,,,,11,,,3.125,3.145833333,0.159747928,TCDvoip,0.7974143,0.319032164,ECHO,75,,,,,,,0.7273148954619646,1.0496100404978268,2.0960819721221924
44,,resources/TCDvoip/Test_Set/ECHO/ref/R_12_ECHO_FA.wav,resources/TCDvoip/Test_Set/ECHO/C_12_ECHO_FA.wav,,,,12,,,2.375,2.552083333,0.158811305,TCDvoip,0.923721208,0.369565452,ECHO,57,,,,,,,0.7913028033244249,0.532068121338154,1.7066879272460938
45,,resources/TCDvoip/Test_Set/ECHO/ref/R_12_ECHO_FG.wav,resources/TCDvoip/Test_Set/ECHO/C_12_ECHO_FG.wav,,,,12,,,2.666666667,2.552083333,0.158811305,TCDvoip,0.816496581,0.326666667,ECHO,64,,,,,,,0.7487762914707354,0.48131892866188136,1.8103238344192505
46,,resources/TCDvoip/Test_Set/ECHO/ref/R_12_ECHO_MK.wav,resources/TCDvoip/Test_Set/ECHO/C_12_ECHO_MK.wav,,,,12,,,2.458333333,2.552083333,0.158811305,TCDvoip,0.721060009,0.288484086,ECHO,59,,,,,,,0.7545021783830392,0.7367196317251914,1.8017187118530273
47,,resources/TCDvoip/Test_Set/ECHO/ref/R_12_ECHO_ML.wav,resources/TCDvoip/Test_Set/ECHO/C_12_ECHO_ML.wav,,,,12,,,2.708333333,2.552083333,0.158811305,TCDvoip,0.750603622,0.300303993,ECHO,65,,,,,,,0.7732734622225772,0.5715615079181481,1.8666105270385742
48,,resources/TCDvoip/Test_Set/ECHO/ref/R_13_ECHO_FA.wav,resources/TCDvoip/Test_Set/ECHO/C_13_ECHO_FA.wav,,,,13,,,2.458333333,2.354166667,0.158313203,TCDvoip,0.721060009,0.288484086,ECHO,59,,,,,,,0.9030847976650564,1.054208617152042,1.3803075551986694
49,,resources/TCDvoip/Test_Set/ECHO/ref/R_13_ECHO_FG.wav,resources/TCDvoip/Test_Set/ECHO/C_13_ECHO_FG.wav,,,,13,,,2.291666667,2.354166667,0.158313203,TCDvoip,0.750603622,0.300303993,ECHO,55,,,,,,,0.8800280137207603,1.0067874045271494,1.3412671089172363
50,,resources/TCDvoip/Test_Set/ECHO/ref/R_13_ECHO_MK.wav,resources/TCDvoip/Test_Set/ECHO/C_13_ECHO_MK.wav,,,,13,,,2.291666667,2.354166667,0.158313203,TCDvoip,0.907896119,0.363234098,ECHO,55,,,,,,,0.9711188395525234,1.0371336317366917,1.5037994384765625
51,,resources/TCDvoip/Test_Set/ECHO/ref/R_13_ECHO_ML.wav,resources/TCDvoip/Test_Set/ECHO/C_13_ECHO_ML.wav,,,,13,,,2.375,2.354166667,0.158313203,TCDvoip,0.824225592,0.329758915,ECHO,57,,,,,,,0.8309761813207627,1.23916371379787,1.8518164157867432
52,,resources/TCDvoip/Test_Set/ECHO/ref/R_14_ECHO_FA.wav,resources/TCDvoip/Test_Set/ECHO/C_14_ECHO_FA.wav,,,,14,,,3.25,3.166666667,0.182900326,TCDvoip,0.896854406,0.358816493,ECHO,78,,,,,,,0.522357185779774,0.18512913561428687,2.4850027561187744
53,,resources/TCDvoip/Test_Set/ECHO/ref/R_14_ECHO_FG.wav,resources/TCDvoip/Test_Set/ECHO/C_14_ECHO_FG.wav,,,,14,,,2.958333333,3.166666667,0.182900326,TCDvoip,1.041702898,0.416767959,ECHO,71,,,,,,,0.5480434642217575,0.2099426133222969,2.7594492435455322
54,,resources/TCDvoip/Test_Set/ECHO/ref/R_14_ECHO_MK.wav,resources/TCDvoip/Test_Set/ECHO/C_14_ECHO_MK.wav,,,,14,,,3.125,3.166666667,0.182900326,TCDvoip,0.850191794,0.34014756,ECHO,75,,,,,,,0.4491576450377743,0.342281159197391,3.247013568878174
55,,resources/TCDvoip/Test_Set/ECHO/ref/R_14_ECHO_ML.wav,resources/TCDvoip/Test_Set/ECHO/C_14_ECHO_ML.wav,,,,14,,,3.333333333,3.166666667,0.182900326,TCDvoip,0.916831342,0.366808932,ECHO,80,,,,,,,0.48545460546110625,0.19899201233937874,2.905050277709961
56,,resources/TCDvoip/Test_Set/ECHO/ref/R_15_ECHO_FA.wav,resources/TCDvoip/Test_Set/ECHO/C_15_ECHO_FA.wav,,,,15,,,1.916666667,2.020833333,0.141574841,TCDvoip,0.717281502,0.286972368,ECHO,46,,,,,,,0.9517066974124226,1.2082660051609908,1.249987244606018
57,,resources/TCDvoip/Test_Set/ECHO/ref/R_15_ECHO_FG.wav,resources/TCDvoip/Test_Set/ECHO/C_15_ECHO_FG.wav,,,,15,,,2.041666667,2.020833333,0.141574841,TCDvoip,0.750603622,0.300303993,ECHO,49,,,,,,,0.9664525462788185,1.1969785026620727,1.378995656967163
58,,resources/TCDvoip/Test_Set/ECHO/ref/R_15_ECHO_MK.wav,resources/TCDvoip/Test_Set/ECHO/C_15_ECHO_MK.wav,,,,15,,,2.041666667,2.020833333,0.141574841,TCDvoip,0.624093546,0.249689421,ECHO,49,,,,,,,0.8931950564166132,1.5035466798412602,1.750450849533081
59,,resources/TCDvoip/Test_Set/ECHO/ref/R_15_ECHO_ML.wav,resources/TCDvoip/Test_Set/ECHO/C_15_ECHO_ML.wav,,,,15,,,2.083333333,2.020833333,0.141574841,TCDvoip,0.775531608,0.310277264,ECHO,50,,,,,,,0.9548223162719612,1.2696502339098719,1.6735069751739502
60,,resources/TCDvoip/Test_Set/ECHO/ref/R_16_ECHO_FA.wav,resources/TCDvoip/Test_Set/ECHO/C_16_ECHO_FA.wav,,,,16,,,1.5,1.395833333,0.130612928,TCDvoip,0.834057656,0.33369256,ECHO,36,,,,,,,0.9455369397779327,0.8837134802697298,1.2457420825958252
61,,resources/TCDvoip/Test_Set/ECHO/ref/R_16_ECHO_FG.wav,resources/TCDvoip/Test_Set/ECHO/C_16_ECHO_FG.wav,,,,16,,,1.333333333,1.395833333,0.130612928,TCDvoip,0.564659703,0.225910931,ECHO,32,,,,,,,0.9755512599785193,1.1766866239849672,1.3834794759750366
62,,resources/TCDvoip/Test_Set/ECHO/ref/R_16_ECHO_MK.wav,resources/TCDvoip/Test_Set/ECHO/C_16_ECHO_MK.wav,,,,16,,,1.333333333,1.395833333,0.130612928,TCDvoip,0.564659703,0.225910931,ECHO,32,,,,,,,0.979159972931138,0.956060961272093,1.5180010795593262
63,,resources/TCDvoip/Test_Set/ECHO/ref/R_16_ECHO_ML.wav,resources/TCDvoip/Test_Set/ECHO/C_16_ECHO_ML.wav,,,,16,,,1.416666667,1.395833333,0.130612928,TCDvoip,0.653862548,0.261599502,ECHO,34,,,,,,,1.1168027895388002,1.186855273333866,1.7305290699005127
64,,resources/TCDvoip/Test_Set/ECHO/ref/R_17_ECHO_FA.wav,resources/TCDvoip/Test_Set/ECHO/C_17_ECHO_FA.wav,,,,17,,,1.958333333,1.854166667,0.140454671,TCDvoip,0.624093546,0.249689421,ECHO,47,,,,,,,0.9419891143550561,0.9555225271131768,1.2838952541351318
65,,resources/TCDvoip/Test_Set/ECHO/ref/R_17_ECHO_FG.wav,resources/TCDvoip/Test_Set/ECHO/C_17_ECHO_FG.wav,,,,17,,,1.958333333,1.854166667,0.140454671,TCDvoip,0.806450444,0.322647375,ECHO,47,,,,,,,0.8321490210194257,0.9147290241330773,1.3448840379714966
66,,resources/TCDvoip/Test_Set/ECHO/ref/R_17_ECHO_MK.wav,resources/TCDvoip/Test_Set/ECHO/C_17_ECHO_MK.wav,,,,17,,,1.708333333,1.854166667,0.140454671,TCDvoip,0.690253052,0.276158736,ECHO,41,,,,,,,0.9131528064915163,1.1315946955350464,1.3370537757873535
67,,resources/TCDvoip/Test_Set/ECHO/ref/R_17_ECHO_ML.wav,resources/TCDvoip/Test_Set/ECHO/C_17_ECHO_ML.wav,,,,17,,,1.791666667,1.854166667,0.140454671,TCDvoip,0.721060009,0.288484086,ECHO,43,,,,,,,0.8933677426916087,1.0330050065248668,1.5309638977050781
68,,resources/TCDvoip/Test_Set/ECHO/ref/R_18_ECHO_FA.wav,resources/TCDvoip/Test_Set/ECHO/C_18_ECHO_FA.wav,,,,18,,,1.375,1.322916667,0.102362338,TCDvoip,0.494535355,0.197855349,ECHO,33,,,,,,,1.084455551418451,1.2829706422826246,1.0962674617767334
69,,resources/TCDvoip/Test_Set/ECHO/ref/R_18_ECHO_FG.wav,resources/TCDvoip/Test_Set/ECHO/C_18_ECHO_FG.wav,,,,18,,,1.291666667,1.322916667,0.102362338,TCDvoip,0.550032937,0.220059006,ECHO,31,,,,,,,1.0773805173474729,1.0785328090224708,1.2218999862670898
70,,resources/TCDvoip/Test_Set/ECHO/ref/R_18_ECHO_MK.wav,resources/TCDvoip/Test_Set/ECHO/C_18_ECHO_MK.wav,,,,18,,,1.291666667,1.322916667,0.102362338,TCDvoip,0.464305621,0.185760937,ECHO,31,,,,,,,1.1036651518474663,1.3212075379552357,1.1914381980895996
71,,resources/TCDvoip/Test_Set/ECHO/ref/R_18_ECHO_ML.wav,resources/TCDvoip/Test_Set/ECHO/C_18_ECHO_ML.wav,,,,18,,,1.333333333,1.322916667,0.102362338,TCDvoip,0.564659703,0.225910931,ECHO,32,,,,,,,1.196276858066681,1.3058972431364975,1.2116715908050537
72,,resources/TCDvoip/Test_Set/ECHO/ref/R_19_ECHO_FA.wav,resources/TCDvoip/Test_Set/ECHO/C_19_ECHO_FA.wav,,,,19,,,1.75,1.625,0.119232745,TCDvoip,0.607918759,0.243218158,ECHO,42,,,,,,,0.9897605315684053,1.3408631430113391,1.2437114715576172
73,,resources/TCDvoip/Test_Set/ECHO/ref/R_19_ECHO_FG.wav,resources/TCDvoip/Test_Set/ECHO/C_19_ECHO_FG.wav,,,,19,,,1.625,1.625,0.119232745,TCDvoip,0.575779245,0.230359675,ECHO,39,,,,,,,0.92965197020089,1.3183545342326408,1.330657958984375
74,,resources/TCDvoip/Test_Set/ECHO/ref/R_19_ECHO_MK.wav,resources/TCDvoip/Test_Set/ECHO/C_19_ECHO_MK.wav,,,,19,,,1.625,1.625,0.119232745,TCDvoip,0.646898957,0.258813486,ECHO,39,,,,,,,0.9641172262553612,1.412567897752798,1.3580080270767212
75,,resources/TCDvoip/Test_Set/ECHO/ref/R_19_ECHO_ML.wav,resources/TCDvoip/Test_Set/ECHO/C_19_ECHO_ML.wav,,,,19,,,1.5,1.625,0.119232745,TCDvoip,0.589767825,0.235956272,ECHO,36,,,,,,,0.9340980627607174,1.5200812101966505,1.5866929292678833
76,,resources/TCDvoip/Test_Set/ECHO/ref/R_20_ECHO_FA.wav,resources/TCDvoip/Test_Set/ECHO/C_20_ECHO_FA.wav,,,,20,,,1.125,1.177083333,0.081343659,TCDvoip,0.337831962,0.135160935,ECHO,27,,,,,,,1.2491971925884529,2.223926442957952,1.1603853702545166
77,,resources/TCDvoip/Test_Set/ECHO/ref/R_20_ECHO_FG.wav,resources/TCDvoip/Test_Set/ECHO/C_20_ECHO_FG.wav,,,,20,,,1.25,1.177083333,0.081343659,TCDvoip,0.531609533,0.212688109,ECHO,30,,,,,,,1.2186414791837592,2.396497814020751,1.394688606262207
78,,resources/TCDvoip/Test_Set/ECHO/ref/R_20_ECHO_MK.wav,resources/TCDvoip/Test_Set/ECHO/C_20_ECHO_MK.wav,,,,20,,,1.125,1.177083333,0.081343659,TCDvoip,0.337831962,0.135160935,ECHO,27,,,,,,,1.2765454692980485,2.253534013540447,1.1506640911102295
79,,resources/TCDvoip/Test_Set/ECHO/ref/R_20_ECHO_ML.wav,resources/TCDvoip/Test_Set/ECHO/C_20_ECHO_ML.wav,,,,20,,,1.208333333,1.177083333,0.081343659,TCDvoip,0.414851117,0.165975014,ECHO,29,,,,,,,1.310259956302611,2.3681612601998805,1.1180453300476074
80,,resources/TCDvoip/Test_Set/CHOP/ref/R_01_CHOP_FA.wav,resources/TCDvoip/Test_Set/CHOP/C_01_CHOP_FA.wav,,,,1,,,4.541666667,4.614583333,0.098161052,TCDvoip,0.508977378,0.203633361,CHOP,109,,,,,,,0.0,0.0,4.643888473510742
81,,resources/TCDvoip/Test_Set/CHOP/ref/R_01_CHOP_FG.wav,resources/TCDvoip/Test_Set/CHOP/C_01_CHOP_FG.wav,,,,1,,,4.875,4.614583333,0.098161052,TCDvoip,0.337831962,0.135160935,CHOP,117,,,,,,,0.0,0.0,4.643888473510742
82,,resources/TCDvoip/Test_Set/CHOP/ref/R_01_CHOP_MK.wav,resources/TCDvoip/Test_Set/CHOP/C_01_CHOP_MK.wav,,,,1,,,4.708333333,4.614583333,0.098161052,TCDvoip,0.550032937,0.220059006,CHOP,113,,,,,,,0.0,0.0,4.643888473510742
83,,resources/TCDvoip/Test_Set/CHOP/ref/R_01_CHOP_ML.wav,resources/TCDvoip/Test_Set/CHOP/C_01_CHOP_ML.wav,,,,1,,,4.333333333,4.614583333,0.098161052,TCDvoip,0.564659703,0.225910931,CHOP,104,,,,,,,0.0,0.0,4.643888473510742
84,,resources/TCDvoip/Test_Set/CHOP/ref/R_02_CHOP_FA.wav,resources/TCDvoip/Test_Set/CHOP/C_02_CHOP_FA.wav,,,,2,,,4.541666667,4.572916667,0.109326788,TCDvoip,0.65800533,0.26325696,CHOP,109,,,,,,,0.2450905845693485,0.8368886702455722,4.296640872955322
85,,resources/TCDvoip/Test_Set/CHOP/ref/R_02_CHOP_FG.wav,resources/TCDvoip/Test_Set/CHOP/C_02_CHOP_FG.wav,,,,2,,,4.875,4.572916667,0.109326788,TCDvoip,0.337831962,0.135160935,CHOP,117,,,,,,,0.1662729620876515,0.4567416985345214,4.135976791381836
86,,resources/TCDvoip/Test_Set/CHOP/ref/R_02_CHOP_MK.wav,resources/TCDvoip/Test_Set/CHOP/C_02_CHOP_MK.wav,,,,2,,,4.458333333,4.572916667,0.109326788,TCDvoip,0.508977378,0.203633361,CHOP,107,,,,,,,0.22698329022372768,0.9119867083749263,4.643852710723877
87,,resources/TCDvoip/Test_Set/CHOP/ref/R_02_CHOP_ML.wav,resources/TCDvoip/Test_Set/CHOP/C_02_CHOP_ML.wav,,,,2,,,4.416666667,4.572916667,0.109326788,TCDvoip,0.653862548,0.261599502,CHOP,106,,,,,,,0.26299779854348837,0.7469195747447833,4.643885135650635
88,,resources/TCDvoip/Test_Set/CHOP/ref/R_03_CHOP_FA.wav,resources/TCDvoip/Test_Set/CHOP/C_03_CHOP_FA.wav,,,,3,,,4.708333333,4.59375,0.130680098,TCDvoip,0.624093546,0.249689421,CHOP,113,,,,,,,0.0061219706010279505,0.0029166500406665767,4.163355350494385
89,,resources/TCDvoip/Test_Set/CHOP/ref/R_03_CHOP_FG.wav,resources/TCDvoip/Test_Set/CHOP/C_03_CHOP_FG.wav,,,,3,,,4.5,4.59375,0.130680098,TCDvoip,0.722315119,0.288986234,CHOP,108,,,,,,,0.010569116629758768,0.02061270771869005,4.525347709655762
90,,resources/TCDvoip/Test_Set/CHOP/ref/R_03_CHOP_MK.wav,resources/TCDvoip/Test_Set/CHOP/C_03_CHOP_MK.wav,,,,3,,,4.541666667,4.59375,0.130680098,TCDvoip,0.65800533,0.26325696,CHOP,109,,,,,,,0.009862133037944795,0.003731695678289686,4.299231052398682
91,,resources/TCDvoip/Test_Set/CHOP/ref/R_03_CHOP_ML.wav,resources/TCDvoip/Test_Set/CHOP/C_03_CHOP_ML.wav,,,,3,,,4.625,4.59375,0.130680098,TCDvoip,0.646898957,0.258813486,CHOP,111,,,,,,,0.004280065927012267,0.0009205305692696389,4.067404747009277
92,,resources/TCDvoip/Test_Set/CHOP/ref/R_04_CHOP_FA.wav,resources/TCDvoip/Test_Set/CHOP/C_04_CHOP_FA.wav,,,,4,,,3.708333333,3.8125,0.156417168,TCDvoip,0.907896119,0.363234098,CHOP,89,,,,,,,0.012621338104045933,0.0037163140824241544,3.695460319519043
93,,resources/TCDvoip/Test_Set/CHOP/ref/R_04_CHOP_FG.wav,resources/TCDvoip/Test_Set/CHOP/C_04_CHOP_FG.wav,,,,4,,,3.583333333,3.8125,0.156417168,TCDvoip,0.775531608,0.310277264,CHOP,86,,,,,,,0.16313093383019772,0.7111150337727,3.6563618183135986
94,,resources/TCDvoip/Test_Set/CHOP/ref/R_04_CHOP_MK.wav,resources/TCDvoip/Test_Set/CHOP/C_04_CHOP_MK.wav,,,,4,,,3.791666667,3.8125,0.156417168,TCDvoip,0.779027636,0.311675967,CHOP,91,,,,,,,0.016697317774584636,0.02630664638601736,3.8605546951293945
95,,resources/TCDvoip/Test_Set/CHOP/ref/R_04_CHOP_ML.wav,resources/TCDvoip/Test_Set/CHOP/C_04_CHOP_ML.wav,,,,4,,,4.166666667,3.8125,0.156417168,TCDvoip,0.701964118,0.280844138,CHOP,100,,,,,,,0.028104650230079423,0.12619131768024233,3.5827910900115967
96,,resources/TCDvoip/Test_Set/CHOP/ref/R_05_CHOP_FA.wav,resources/TCDvoip/Test_Set/CHOP/C_05_CHOP_FA.wav,,,,5,,,4.0,4.114583333,0.128922293,TCDvoip,0.589767825,0.235956272,CHOP,96,,,,,,,0.1861312829281997,0.5962356778716996,3.6823086738586426
97,,resources/TCDvoip/Test_Set/CHOP/ref/R_05_CHOP_FG.wav,resources/TCDvoip/Test_Set/CHOP/C_05_CHOP_FG.wav,,,,5,,,4.375,4.114583333,0.128922293,TCDvoip,0.646898957,0.258813486,CHOP,105,,,,,,,0.23008905443286065,0.7963088247013034,3.389265537261963
98,,resources/TCDvoip/Test_Set/CHOP/ref/R_05_CHOP_MK.wav,resources/TCDvoip/Test_Set/CHOP/C_05_CHOP_MK.wav,,,,5,,,3.75,4.114583333,0.128922293,TCDvoip,0.737209781,0.29494534,CHOP,90,,,,,,,0.22989509821518164,0.784198263578644,3.6811165809631348
99,,resources/TCDvoip/Test_Set/CHOP/ref/R_05_CHOP_ML.wav,resources/TCDvoip/Test_Set/CHOP/C_05_CHOP_ML.wav,,,,5,,,4.333333333,4.114583333,0.128922293,TCDvoip,0.637022057,0.254861903,CHOP,104,,,,,,,0.2948383326086726,1.0102093617334458,4.44465446472168
100,,resources/TCDvoip/Test_Set/CHOP/ref/R_06_CHOP_FA.wav,resources/TCDvoip/Test_Set/CHOP/C_06_CHOP_FA.wav,,,,6,,,4.458333333,4.229166667,0.128444928,TCDvoip,0.65800533,0.26325696,CHOP,107,,,,,,,0.007859113949613151,0.0057508388577923505,3.9470622539520264
101,,resources/TCDvoip/Test_Set/CHOP/ref/R_06_CHOP_FG.wav,resources/TCDvoip/Test_Set/CHOP/C_06_CHOP_FG.wav,,,,6,,,3.625,4.229166667,0.128444928,TCDvoip,0.769669607,0.307931975,CHOP,87,,,,,,,0.019269624840112982,0.5179645767587242,3.7326834201812744
102,,resources/TCDvoip/Test_Set/CHOP/ref/R_06_CHOP_MK.wav,resources/TCDvoip/Test_Set/CHOP/C_06_CHOP_MK.wav,,,,6,,,4.208333333,4.229166667,0.128444928,TCDvoip,0.588229966,0.235341,CHOP,101,,,,,,,0.012626720299432188,0.009365460385690999,3.8738508224487305
103,,resources/TCDvoip/Test_Set/CHOP/ref/R_06_CHOP_ML.wav,resources/TCDvoip/Test_Set/CHOP/C_06_CHOP_ML.wav,,,,6,,,4.625,4.229166667,0.128444928,TCDvoip,0.575779245,0.230359675,CHOP,111,,,,,,,0.01466705411995588,0.008684851093027366,4.169718265533447
104,,resources/TCDvoip/Test_Set/CHOP/ref/R_07_CHOP_FA.wav,resources/TCDvoip/Test_Set/CHOP/C_07_CHOP_FA.wav,,,,7,,,2.833333333,3.125,0.158424028,TCDvoip,0.963086825,0.385314979,CHOP,68,,,,,,,0.12217098241867562,0.21550878281493138,2.603193521499634
105,,resources/TCDvoip/Test_Set/CHOP/ref/R_07_CHOP_FG.wav,resources/TCDvoip/Test_Set/CHOP/C_07_CHOP_FG.wav,,,,7,,,3.166666667,3.125,0.158424028,TCDvoip,0.701964118,0.280844138,CHOP,76,,,,,,,0.16253509157076557,0.6482423427311752,2.827493190765381
106,,resources/TCDvoip/Test_Set/CHOP/ref/R_07_CHOP_MK.wav,resources/TCDvoip/Test_Set/CHOP/C_07_CHOP_MK.wav,,,,7,,,3.041666667,3.125,0.158424028,TCDvoip,0.806450444,0.322647375,CHOP,73,,,,,,,0.16516740950580394,0.5861974789692279,2.6778481006622314
107,,resources/TCDvoip/Test_Set/CHOP/ref/R_07_CHOP_ML.wav,resources/TCDvoip/Test_Set/CHOP/C_07_CHOP_ML.wav,,,,7,,,3.458333333,3.125,0.158424028,TCDvoip,0.721060009,0.288484086,CHOP,83,,,,,,,0.15143555903034522,0.12866690140369397,3.1276538372039795
108,,resources/TCDvoip/Test_Set/CHOP/ref/R_08_CHOP_FA.wav,resources/TCDvoip/Test_Set/CHOP/C_08_CHOP_FA.wav,,,,8,,,3.583333333,3.5,0.175455839,TCDvoip,0.974307632,0.389804237,CHOP,86,,,,,,,0.3312358235764623,0.9474080931116234,2.7974660396575928
109,,resources/TCDvoip/Test_Set/CHOP/ref/R_08_CHOP_FG.wav,resources/TCDvoip/Test_Set/CHOP/C_08_CHOP_FG.wav,,,,8,,,3.541666667,3.5,0.175455839,TCDvoip,0.931532943,0.372690797,CHOP,85,,,,,,,0.27484683083504136,1.161934575194434,3.2565054893493652
110,,resources/TCDvoip/Test_Set/CHOP/ref/R_08_CHOP_MK.wav,resources/TCDvoip/Test_Set/CHOP/C_08_CHOP_MK.wav,,,,8,,,3.208333333,3.5,0.175455839,TCDvoip,0.779027636,0.311675967,CHOP,77,,,,,,,0.2613568895363339,0.9880861553433911,3.3097047805786133
111,,resources/TCDvoip/Test_Set/CHOP/ref/R_08_CHOP_ML.wav,resources/TCDvoip/Test_Set/CHOP/C_08_CHOP_ML.wav,,,,8,,,3.666666667,3.5,0.175455839,TCDvoip,0.868114732,0.347318228,CHOP,88,,,,,,,0.3350890342683126,1.0955690612083226,4.006147861480713
112,,resources/TCDvoip/Test_Set/CHOP/ref/R_09_CHOP_FA.wav,resources/TCDvoip/Test_Set/CHOP/C_09_CHOP_FA.wav,,,,9,,,3.833333333,3.802083333,0.162741251,TCDvoip,0.761386988,0.304618237,CHOP,92,,,,,,,0.30693833290411754,1.0261690453546648,4.208561420440674
113,,resources/TCDvoip/Test_Set/CHOP/ref/R_09_CHOP_FG.wav,resources/TCDvoip/Test_Set/CHOP/C_09_CHOP_FG.wav,,,,9,,,3.875,3.802083333,0.162741251,TCDvoip,0.74088666,0.296416398,CHOP,93,,,,,,,0.252163781243223,0.9052604352834159,3.2368245124816895
114,,resources/TCDvoip/Test_Set/CHOP/ref/R_09_CHOP_MK.wav,resources/TCDvoip/Test_Set/CHOP/C_09_CHOP_MK.wav,,,,9,,,3.958333333,3.802083333,0.162741251,TCDvoip,0.907896119,0.363234098,CHOP,95,,,,,,,0.3218224649345024,0.9903814324657688,3.16854190826416
115,,resources/TCDvoip/Test_Set/CHOP/ref/R_09_CHOP_ML.wav,resources/TCDvoip/Test_Set/CHOP/C_09_CHOP_ML.wav,,,,9,,,3.541666667,3.802083333,0.162741251,TCDvoip,0.883627241,0.353524524,CHOP,85,,,,,,,0.3354799274340068,1.1129358036396062,3.040421962738037
116,,resources/TCDvoip/Test_Set/CHOP/ref/R_10_CHOP_FA.wav,resources/TCDvoip/Test_Set/CHOP/C_10_CHOP_FA.wav,,,,10,,,3.375,3.84375,0.146629406,TCDvoip,0.769669607,0.307931975,CHOP,81,,,,,,,0.08872371022471992,0.3390955173818256,3.3530352115631104
117,,resources/TCDvoip/Test_Set/CHOP/ref/R_10_CHOP_FG.wav,resources/TCDvoip/Test_Set/CHOP/C_10_CHOP_FG.wav,,,,10,,,4.041666667,3.84375,0.146629406,TCDvoip,0.624093546,0.249689421,CHOP,97,,,,,,,0.09442653722646305,0.5592880507923433,3.2118988037109375
118,,resources/TCDvoip/Test_Set/CHOP/ref/R_10_CHOP_MK.wav,resources/TCDvoip/Test_Set/CHOP/C_10_CHOP_MK.wav,,,,10,,,3.875,3.84375,0.146629406,TCDvoip,0.850191794,0.34014756,CHOP,93,,,,,,,0.06451488913466144,0.08818944367453321,4.020864963531494
119,,resources/TCDvoip/Test_Set/CHOP/ref/R_10_CHOP_ML.wav,resources/TCDvoip/Test_Set/CHOP/C_10_CHOP_ML.wav,,,,10,,,4.083333333,3.84375,0.146629406,TCDvoip,0.717281502,0.286972368,CHOP,98,,,,,,,0.06397497885831241,0.049263986445687316,4.017951011657715
120,,resources/TCDvoip/Test_Set/CHOP/ref/R_11_CHOP_FA.wav,resources/TCDvoip/Test_Set/CHOP/C_11_CHOP_FA.wav,,,,11,,,3.583333333,3.770833333,0.13340497,TCDvoip,0.717281502,0.286972368,CHOP,86,,,,,,,0.016551987505814124,0.0746696475050054,3.7812678813934326
121,,resources/TCDvoip/Test_Set/CHOP/ref/R_11_CHOP_FG.wav,resources/TCDvoip/Test_Set/CHOP/C_11_CHOP_FG.wav,,,,11,,,3.958333333,3.770833333,0.13340497,TCDvoip,0.550032937,0.220059006,CHOP,95,,,,,,,0.017771323953070642,0.03977974273769369,3.967869758605957
122,,resources/TCDvoip/Test_Set/CHOP/ref/R_11_CHOP_MK.wav,resources/TCDvoip/Test_Set/CHOP/C_11_CHOP_MK.wav,,,,11,,,3.625,3.770833333,0.13340497,TCDvoip,0.646898957,0.258813486,CHOP,87,,,,,,,0.02056000740668882,0.05894171018141945,3.700615882873535
123,,resources/TCDvoip/Test_Set/CHOP/ref/R_11_CHOP_ML.wav,resources/TCDvoip/Test_Set/CHOP/C_11_CHOP_ML.wav,,,,11,,,3.916666667,3.770833333,0.13340497,TCDvoip,0.775531608,0.310277264,CHOP,94,,,,,,,0.03097864695387226,0.09243622830592434,3.579317331314087
124,,resources/TCDvoip/Test_Set/CHOP/ref/R_12_CHOP_FA.wav,resources/TCDvoip/Test_Set/CHOP/C_12_CHOP_FA.wav,,,,12,,,2.958333333,3.322916667,0.138123573,TCDvoip,0.806450444,0.322647375,CHOP,71,,,,,,,0.3042321833142631,1.0319316258005384,2.368699789047241
125,,resources/TCDvoip/Test_Set/CHOP/ref/R_12_CHOP_FG.wav,resources/TCDvoip/Test_Set/CHOP/C_12_CHOP_FG.wav,,,,12,,,3.0,3.322916667,0.138123573,TCDvoip,0.589767825,0.235956272,CHOP,72,,,,,,,0.1781728440102926,0.7402746430893185,2.8722329139709473
126,,resources/TCDvoip/Test_Set/CHOP/ref/R_12_CHOP_MK.wav,resources/TCDvoip/Test_Set/CHOP/C_12_CHOP_MK.wav,,,,12,,,4.083333333,3.322916667,0.138123573,TCDvoip,0.775531608,0.310277264,CHOP,98,,,,,,,0.17282652576994312,0.3388014859962108,3.032480001449585
127,,resources/TCDvoip/Test_Set/CHOP/ref/R_12_CHOP_ML.wav,resources/TCDvoip/Test_Set/CHOP/C_12_CHOP_ML.wav,,,,12,,,3.25,3.322916667,0.138123573,TCDvoip,0.607918759,0.243218158,CHOP,78,,,,,,,0.19468420250936697,0.486514063077112,2.410593032836914
128,,resources/TCDvoip/Test_Set/CHOP/ref/R_13_CHOP_FA.wav,resources/TCDvoip/Test_Set/CHOP/C_13_CHOP_FA.wav,,,,13,,,2.375,3.03125,0.163601753,TCDvoip,0.824225592,0.329758915,CHOP,57,,,,,,,0.23354594846613158,0.7257770817272631,1.9029910564422607
129,,resources/TCDvoip/Test_Set/CHOP/ref/R_13_CHOP_FG.wav,resources/TCDvoip/Test_Set/CHOP/C_13_CHOP_FG.wav,,,,13,,,3.375,3.03125,0.163601753,TCDvoip,0.646898957,0.258813486,CHOP,81,,,,,,,0.16893652828745012,0.5240053520064623,2.71207857131958
130,,resources/TCDvoip/Test_Set/CHOP/ref/R_13_CHOP_MK.wav,resources/TCDvoip/Test_Set/CHOP/C_13_CHOP_MK.wav,,,,13,,,2.708333333,3.03125,0.163601753,TCDvoip,0.750603622,0.300303993,CHOP,65,,,,,,,0.2730040457469668,0.4000794164908076,2.211966037750244
131,,resources/TCDvoip/Test_Set/CHOP/ref/R_13_CHOP_ML.wav,resources/TCDvoip/Test_Set/CHOP/C_13_CHOP_ML.wav,,,,13,,,3.666666667,3.03125,0.163601753,TCDvoip,1.049499536,0.419887263,CHOP,88,,,,,,,0.23767266026694303,0.339095205300559,2.2601418495178223
132,,resources/TCDvoip/Test_Set/CHOP/ref/R_14_CHOP_FA.wav,resources/TCDvoip/Test_Set/CHOP/C_14_CHOP_FA.wav,,,,14,,,3.083333333,3.020833333,0.15930785,TCDvoip,0.974307632,0.389804237,CHOP,74,,,,,,,0.36791534771188983,1.1062187399519423,2.0771820545196533
133,,resources/TCDvoip/Test_Set/CHOP/ref/R_14_CHOP_FG.wav,resources/TCDvoip/Test_Set/CHOP/C_14_CHOP_FG.wav,,,,14,,,2.875,3.020833333,0.15930785,TCDvoip,0.74088666,0.296416398,CHOP,69,,,,,,,0.32660760245413173,1.3632875074274537,2.4915859699249268
134,,resources/TCDvoip/Test_Set/CHOP/ref/R_14_CHOP_MK.wav,resources/TCDvoip/Test_Set/CHOP/C_14_CHOP_MK.wav,,,,14,,,3.208333333,3.020833333,0.15930785,TCDvoip,0.721060009,0.288484086,CHOP,77,,,,,,,0.3444082903854554,1.4249848866526011,3.265955924987793
135,,resources/TCDvoip/Test_Set/CHOP/ref/R_14_CHOP_ML.wav,resources/TCDvoip/Test_Set/CHOP/C_14_CHOP_ML.wav,,,,14,,,2.916666667,3.020833333,0.15930785,TCDvoip,0.775531608,0.310277264,CHOP,70,,,,,,,0.37869162629076014,1.1776853071042495,2.5419278144836426
136,,resources/TCDvoip/Test_Set/CHOP/ref/R_15_CHOP_FA.wav,resources/TCDvoip/Test_Set/CHOP/C_15_CHOP_FA.wav,,,,15,,,2.666666667,2.697916667,0.180631183,TCDvoip,1.049499536,0.419887263,CHOP,64,,,,,,,0.43238595724955636,1.4858821029450187,2.7851555347442627
137,,resources/TCDvoip/Test_Set/CHOP/ref/R_15_CHOP_FG.wav,resources/TCDvoip/Test_Set/CHOP/C_15_CHOP_FG.wav,,,,15,,,2.666666667,2.697916667,0.180631183,TCDvoip,0.868114732,0.347318228,CHOP,64,,,,,,,0.38860007261333246,1.431285942433226,2.65006160736084
138,,resources/TCDvoip/Test_Set/CHOP/ref/R_15_CHOP_MK.wav,resources/TCDvoip/Test_Set/CHOP/C_15_CHOP_MK.wav,,,,15,,,2.416666667,2.697916667,0.180631183,TCDvoip,0.829702234,0.331950028,CHOP,58,,,,,,,0.45236524179825516,1.5777814345280288,1.8761682510375977
139,,resources/TCDvoip/Test_Set/CHOP/ref/R_15_CHOP_ML.wav,resources/TCDvoip/Test_Set/CHOP/C_15_CHOP_ML.wav,,,,15,,,3.041666667,2.697916667,0.180631183,TCDvoip,0.907896119,0.363234098,CHOP,73,,,,,,,0.46149353716662117,1.5825949507906514,2.9470932483673096
140,,resources/TCDvoip/Test_Set/CHOP/ref/R_16_CHOP_FA.wav,resources/TCDvoip/Test_Set/CHOP/C_16_CHOP_FA.wav,,,,16,,,2.791666667,2.760416667,0.156136397,TCDvoip,0.883627241,0.353524524,CHOP,67,,,,,,,0.2658331211922397,0.8481114515090872,2.2412614822387695
141,,resources/TCDvoip/Test_Set/CHOP/ref/R_16_CHOP_FG.wav,resources/TCDvoip/Test_Set/CHOP/C_16_CHOP_FG.wav,,,,16,,,2.958333333,2.760416667,0.156136397,TCDvoip,0.85867272,0.343540637,CHOP,71,,,,,,,0.23954341906786408,0.8211306551278157,2.1784257888793945
142,,resources/TCDvoip/Test_Set/CHOP/ref/R_16_CHOP_MK.wav,resources/TCDvoip/Test_Set/CHOP/C_16_CHOP_MK.wav,,,,16,,,2.625,2.760416667,0.156136397,TCDvoip,0.875388113,0.350228186,CHOP,63,,,,,,,0.22605063583727586,0.9922612019898274,2.346175193786621
143,,resources/TCDvoip/Test_Set/CHOP/ref/R_16_CHOP_ML.wav,resources/TCDvoip/Test_Set/CHOP/C_16_CHOP_ML.wav,,,,16,,,2.666666667,2.760416667,0.156136397,TCDvoip,0.481543412,0.192657489,CHOP,64,,,,,,,0.3106041766115434,0.9161419795001116,2.171215295791626
144,,resources/TCDvoip/Test_Set/CHOP/ref/R_18_CHOP_FA.wav,resources/TCDvoip/Test_Set/CHOP/C_18_CHOP_FA.wav,,,,18,,,1.916666667,2.104166667,0.1707924,TCDvoip,0.880546602,0.352292012,CHOP,46,,,,,,,1.221359815769044,2.814531119694819,1.154842734336853
145,,resources/TCDvoip/Test_Set/CHOP/ref/R_18_CHOP_FG.wav,resources/TCDvoip/Test_Set/CHOP/C_18_CHOP_FG.wav,,,,18,,,2.291666667,2.104166667,0.1707924,TCDvoip,0.750603622,0.300303993,CHOP,55,,,,,,,1.1935524193498943,3.1612995616904684,1.1424082517623901
146,,resources/TCDvoip/Test_Set/CHOP/ref/R_18_CHOP_MK.wav,resources/TCDvoip/Test_Set/CHOP/C_18_CHOP_MK.wav,,,,18,,,2.083333333,2.104166667,0.1707924,TCDvoip,0.928611243,0.371521873,CHOP,50,,,,,,,1.2584057311695203,3.0082114582407655,1.1672106981277466
147,,resources/TCDvoip/Test_Set/CHOP/ref/R_18_CHOP_ML.wav,resources/TCDvoip/Test_Set/CHOP/C_18_CHOP_ML.wav,,,,18,,,2.125,2.104166667,0.1707924,TCDvoip,0.899879219,0.36002667,CHOP,51,,,,,,,1.2819107509136118,2.7219052115464004,1.1457852125167847
148,,resources/TCDvoip/Test_Set/CHOP/ref/R_19_CHOP_FA.wav,resources/TCDvoip/Test_Set/CHOP/C_19_CHOP_FA.wav,,,,19,,,2.541666667,2.583333333,0.170277809,TCDvoip,0.832970936,0.333257781,CHOP,61,,,,,,,1.2331888151166337,2.989649241209776,1.022332787513733
149,,resources/TCDvoip/Test_Set/CHOP/ref/R_19_CHOP_FG.wav,resources/TCDvoip/Test_Set/CHOP/C_19_CHOP_FG.wav,,,,19,,,2.541666667,2.583333333,0.170277809,TCDvoip,0.721060009,0.288484086,CHOP,61,,,,,,,1.243518424154154,2.9367796578424765,1.0500600337982178
150,,resources/TCDvoip/Test_Set/CHOP/ref/R_19_CHOP_MK.wav,resources/TCDvoip/Test_Set/CHOP/C_19_CHOP_MK.wav,,,,19,,,2.541666667,2.583333333,0.170277809,TCDvoip,0.931532943,0.372690797,CHOP,61,,,,,,,1.2287680616512913,2.8162749980867163,1.0496618747711182
151,,resources/TCDvoip/Test_Set/CHOP/ref/R_19_CHOP_ML.wav,resources/TCDvoip/Test_Set/CHOP/C_19_CHOP_ML.wav,,,,19,,,2.708333333,2.583333333,0.170277809,TCDvoip,0.954584666,0.381913407,CHOP,65,,,,,,,1.2698624918415684,2.5282614441859197,1.0374503135681152
152,,resources/TCDvoip/Test_Set/CHOP/ref/R_20_CHOP_FA.wav,resources/TCDvoip/Test_Set/CHOP/C_20_CHOP_FA.wav,,,,20,,,1.916666667,2.145833333,0.156529335,TCDvoip,0.928611243,0.371521873,CHOP,46,,,,,,,1.2380060927432717,3.0749474469323967,1.065863013267517
153,,resources/TCDvoip/Test_Set/CHOP/ref/R_20_CHOP_FG.wav,resources/TCDvoip/Test_Set/CHOP/C_20_CHOP_FG.wav,,,,20,,,2.25,2.145833333,0.156529335,TCDvoip,0.737209781,0.29494534,CHOP,54,,,,,,,1.1709864184804721,2.64872105569094,1.0695749521255493
154,,resources/TCDvoip/Test_Set/CHOP/ref/R_20_CHOP_MK.wav,resources/TCDvoip/Test_Set/CHOP/C_20_CHOP_MK.wav,,,,20,,,1.916666667,2.145833333,0.156529335,TCDvoip,0.717281502,0.286972368,CHOP,46,,,,,,,1.2465486589923849,2.7050359804027537,1.1043493747711182
155,,resources/TCDvoip/Test_Set/CHOP/ref/R_20_CHOP_ML.wav,resources/TCDvoip/Test_Set/CHOP/C_20_CHOP_ML.wav,,,,20,,,2.5,2.145833333,0.156529335,TCDvoip,0.780189498,0.312140808,CHOP,60,,,,,,,1.2627440846336921,2.4775387530629582,1.0398194789886475
156,,resources/TCDvoip/Test_Set/CHOP/ref/R_21_CHOP_FA.wav,resources/TCDvoip/Test_Set/CHOP/C_21_CHOP_FA.wav,,,,1,,,4.375,4.03125,0.162633369,TCDvoip,0.769669607,0.307931975,MNRU,105,,,,,,,1.257586192018015,2.74780464954788,1.0399158000946045
157,,resources/TCDvoip/Test_Set/CHOP/ref/R_21_CHOP_FG.wav,resources/TCDvoip/Test_Set/CHOP/C_21_CHOP_FG.wav,,,,1,,,4.0,4.03125,0.162633369,TCDvoip,0.884651737,0.353934408,MNRU,96,,,,,,,1.115134331990467,3.2101321928743034,1.035142421722412
158,,resources/TCDvoip/Test_Set/CHOP/ref/R_21_CHOP_MK.wav,resources/TCDvoip/Test_Set/CHOP/C_21_CHOP_MK.wav,,,,1,,,3.916666667,4.03125,0.162633369,TCDvoip,0.829702234,0.331950028,MNRU,94,,,,,,,1.2456728707195392,2.8334254184638863,1.0301660299301147
159,,resources/TCDvoip/Test_Set/CHOP/ref/R_21_CHOP_ML.wav,resources/TCDvoip/Test_Set/CHOP/C_21_CHOP_ML.wav,,,,1,,,3.833333333,4.03125,0.162633369,TCDvoip,0.816496581,0.326666667,MNRU,92,,,,,,,1.2865550314365228,2.6831897925279686,1.0606012344360352
160,,resources/TCDvoip/Test_Set/CHOP/ref/R_22_CHOP_FA.wav,resources/TCDvoip/Test_Set/CHOP/C_22_CHOP_FA.wav,,,,2,,,3.416666667,3.59375,0.182756329,TCDvoip,0.829702234,0.331950028,MNRU,82,,,,,,,1.2468566889872863,2.6760340710204757,1.10079824924469
161,,resources/TCDvoip/Test_Set/CHOP/ref/R_22_CHOP_FG.wav,resources/TCDvoip/Test_Set/CHOP/C_22_CHOP_FG.wav,,,,2,,,4.0,3.59375,0.182756329,TCDvoip,0.978019294,0.391289211,MNRU,96,,,,,,,1.2119296886385627,3.013545699656482,1.0815352201461792
162,,resources/TCDvoip/Test_Set/CHOP/ref/R_22_CHOP_MK.wav,resources/TCDvoip/Test_Set/CHOP/C_22_CHOP_MK.wav,,,,2,,,3.583333333,3.59375,0.182756329,TCDvoip,1.017954755,0.407266723,MNRU,86,,,,,,,1.271379868823363,2.622168904791364,1.2529842853546143
163,,resources/TCDvoip/Test_Set/CHOP/ref/R_22_CHOP_ML.wav,resources/TCDvoip/Test_Set/CHOP/C_22_CHOP_ML.wav,,,,2,,,3.375,3.59375,0.182756329,TCDvoip,0.875388113,0.350228186,MNRU,81,,,,,,,1.2166183526149132,2.6533370355748382,1.0412158966064453
164,,resources/TCDvoip/Test_Set/CHOP/ref/R_23_CHOP_FA.wav,resources/TCDvoip/Test_Set/CHOP/C_23_CHOP_FA.wav,,,,3,,,2.416666667,2.385416667,0.169399416,TCDvoip,0.829702234,0.331950028,MNRU,58,,,,,,,1.2600631874803943,2.629615613163978,1.0304994583129883
165,,resources/TCDvoip/Test_Set/CHOP/ref/R_23_CHOP_FG.wav,resources/TCDvoip/Test_Set/CHOP/C_23_CHOP_FG.wav,,,,3,,,2.5,2.385416667,0.169399416,TCDvoip,0.722315119,0.288986234,MNRU,60,,,,,,,1.1634339436759265,3.1042177790710896,1.1658927202224731
166,,resources/TCDvoip/Test_Set/CHOP/ref/R_23_CHOP_MK.wav,resources/TCDvoip/Test_Set/CHOP/C_23_CHOP_MK.wav,,,,3,,,2.333333333,2.385416667,0.169399416,TCDvoip,0.868114732,0.347318228,MNRU,56,,,,,,,1.2948506861861433,2.83931868983113,1.074804425239563
167,,resources/TCDvoip/Test_Set/CHOP/ref/R_23_CHOP_ML.wav,resources/TCDvoip/Test_Set/CHOP/C_23_CHOP_ML.wav,,,,3,,,2.291666667,2.385416667,0.169399416,TCDvoip,0.999093792,0.399720766,MNRU,55,,,,,,,1.29002892641967,2.6647027606138036,1.055792212486267
168,,resources/TCDvoip/Test_Set/CHOP/ref/R_24_CHOP_FA.wav,resources/TCDvoip/Test_Set/CHOP/C_24_CHOP_FA.wav,,,,4,,,1.583333333,1.479166667,0.128581498,TCDvoip,0.775531608,0.310277264,MNRU,38,,,,,,,1.3047229901001713,2.983461862469761,1.0371342897415161
169,,resources/TCDvoip/Test_Set/CHOP/ref/R_24_CHOP_FG.wav,resources/TCDvoip/Test_Set/CHOP/C_24_CHOP_FG.wav,,,,4,,,1.291666667,1.479166667,0.128581498,TCDvoip,0.550032937,0.220059006,MNRU,31,,,,,,,1.1557477730198384,2.861322831881783,1.1141142845153809
170,,resources/TCDvoip/Test_Set/CHOP/ref/R_24_CHOP_MK.wav,resources/TCDvoip/Test_Set/CHOP/C_24_CHOP_MK.wav,,,,4,,,1.25,1.479166667,0.128581498,TCDvoip,0.531609533,0.212688109,MNRU,30,,,,,,,1.2763474336556682,2.771800174213049,1.115001916885376
171,,resources/TCDvoip/Test_Set/CHOP/ref/R_24_CHOP_ML.wav,resources/TCDvoip/Test_Set/CHOP/C_24_CHOP_ML.wav,,,,4,,,1.791666667,1.479166667,0.128581498,TCDvoip,0.721060009,0.288484086,MNRU,43,,,,,,,1.2904257552101286,2.712970037912781,1.1000230312347412
172,,resources/TCDvoip/Test_Set/CLIP/ref/R_01_CLIP_FA.wav,resources/TCDvoip/Test_Set/CLIP/C_01_CLIP_FA.wav,,,,1,,,4.625,4.604166667,0.105486689,TCDvoip,0.494535355,0.197855349,CLIP,111,,,,,,,0.0,0.0,4.643888473510742
173,,resources/TCDvoip/Test_Set/CLIP/ref/R_01_CLIP_FG.wav,resources/TCDvoip/Test_Set/CLIP/C_01_CLIP_FG.wav,,,,1,,,4.708333333,4.604166667,0.105486689,TCDvoip,0.464305621,0.185760937,CLIP,113,,,,,,,0.0,0.0,4.643888473510742
174,,resources/TCDvoip/Test_Set/CLIP/ref/R_01_CLIP_MK.wav,resources/TCDvoip/Test_Set/CLIP/C_01_CLIP_MK.wav,,,,1,,,4.583333333,4.604166667,0.105486689,TCDvoip,0.583592075,0.233485458,CLIP,110,,,,,,,0.0,0.0,4.643888473510742
175,,resources/TCDvoip/Test_Set/CLIP/ref/R_01_CLIP_ML.wav,resources/TCDvoip/Test_Set/CLIP/C_01_CLIP_ML.wav,,,,1,,,4.5,4.604166667,0.105486689,TCDvoip,0.589767825,0.235956272,CLIP,108,,,,,,,0.0,0.0,4.643888473510742
176,,resources/TCDvoip/Test_Set/CLIP/ref/R_02_CLIP_FA.wav,resources/TCDvoip/Test_Set/CLIP/C_02_CLIP_FA.wav,,,,2,,,4.0,4.260416667,0.145909454,TCDvoip,0.932504808,0.373079624,CLIP,96,,,,,,,0.44363009527735464,1.1979692116563254,2.7827017307281494
177,,resources/TCDvoip/Test_Set/CLIP/ref/R_02_CLIP_FG.wav,resources/TCDvoip/Test_Set/CLIP/C_02_CLIP_FG.wav,,,,2,,,4.125,4.260416667,0.145909454,TCDvoip,0.74088666,0.296416398,CLIP,99,,,,,,,0.36913508715980387,0.8770151605812647,3.093730926513672
178,,resources/TCDvoip/Test_Set/CLIP/ref/R_02_CLIP_MK.wav,resources/TCDvoip/Test_Set/CLIP/C_02_CLIP_MK.wav,,,,2,,,4.458333333,4.260416667,0.145909454,TCDvoip,0.65800533,0.26325696,CLIP,107,,,,,,,0.029966524523166334,0.09365761371911371,4.1457719802856445
179,,resources/TCDvoip/Test_Set/CLIP/ref/R_02_CLIP_ML.wav,resources/TCDvoip/Test_Set/CLIP/C_02_CLIP_ML.wav,,,,2,,,4.458333333,4.260416667,0.145909454,TCDvoip,0.588229966,0.235341,CLIP,107,,,,,,,0.2871837926026686,0.5175278598122453,3.9032654762268066
180,,resources/TCDvoip/Test_Set/CLIP/ref/R_03_CLIP_FA.wav,resources/TCDvoip/Test_Set/CLIP/C_03_CLIP_FA.wav,,,,3,,,3.791666667,4.15625,0.138250583,TCDvoip,0.883627241,0.353524524,CLIP,91,,,,,,,0.3800233602891017,0.7030458964059219,2.672708034515381
181,,resources/TCDvoip/Test_Set/CLIP/ref/R_03_CLIP_FG.wav,resources/TCDvoip/Test_Set/CLIP/C_03_CLIP_FG.wav,,,,3,,,3.916666667,4.15625,0.138250583,TCDvoip,0.775531608,0.310277264,CLIP,94,,,,,,,0.6343128186338219,1.4297179290484325,2.3990988731384277
182,,resources/TCDvoip/Test_Set/CLIP/ref/R_03_CLIP_MK.wav,resources/TCDvoip/Test_Set/CLIP/C_03_CLIP_MK.wav,,,,3,,,4.541666667,4.15625,0.138250583,TCDvoip,0.508977378,0.203633361,CLIP,109,,,,,,,0.3922891818900802,1.1252996633386756,3.076768636703491
183,,resources/TCDvoip/Test_Set/CLIP/ref/R_03_CLIP_ML.wav,resources/TCDvoip/Test_Set/CLIP/C_03_CLIP_ML.wav,,,,3,,,4.375,4.15625,0.138250583,TCDvoip,0.575779245,0.230359675,CLIP,105,,,,,,,0.4829676169523781,1.0766009826587157,3.2674124240875244
184,,resources/TCDvoip/Test_Set/CLIP/ref/R_04_CLIP_FA.wav,resources/TCDvoip/Test_Set/CLIP/C_04_CLIP_FA.wav,,,,4,,,3.833333333,3.875,0.163655384,TCDvoip,0.916831342,0.366808932,CLIP,92,,,,,,,0.606591550608169,1.3780688710983315,1.9260430335998535
185,,resources/TCDvoip/Test_Set/CLIP/ref/R_04_CLIP_FG.wav,resources/TCDvoip/Test_Set/CLIP/C_04_CLIP_FG.wav,,,,4,,,3.291666667,3.875,0.163655384,TCDvoip,0.85867272,0.343540637,CLIP,79,,,,,,,0.6611633468021104,1.5362566745933415,2.1027114391326904
186,,resources/TCDvoip/Test_Set/CLIP/ref/R_04_CLIP_MK.wav,resources/TCDvoip/Test_Set/CLIP/C_04_CLIP_MK.wav,,,,4,,,4.208333333,3.875,0.163655384,TCDvoip,0.779027636,0.311675967,CLIP,101,,,,,,,0.39889241912440043,1.1018586727610684,3.1324968338012695
187,,resources/TCDvoip/Test_Set/CLIP/ref/R_04_CLIP_ML.wav,resources/TCDvoip/Test_Set/CLIP/C_04_CLIP_ML.wav,,,,4,,,4.166666667,3.875,0.163655384,TCDvoip,0.761386988,0.304618237,CLIP,100,,,,,,,0.380431699484572,0.6603946934811766,3.0316925048828125
188,,resources/TCDvoip/Test_Set/CLIP/ref/R_05_CLIP_FA.wav,resources/TCDvoip/Test_Set/CLIP/C_05_CLIP_FA.wav,,,,5,,,3.541666667,3.583333333,0.154156685,TCDvoip,0.832970936,0.333257781,CLIP,85,,,,,,,0.4258251950981633,1.2979181924196859,2.51651668548584
189,,resources/TCDvoip/Test_Set/CLIP/ref/R_05_CLIP_FG.wav,resources/TCDvoip/Test_Set/CLIP/C_05_CLIP_FG.wav,,,,5,,,2.875,3.583333333,0.154156685,TCDvoip,0.612372436,0.245,CLIP,69,,,,,,,0.7910985162723964,2.0784018940675937,1.892439603805542
190,,resources/TCDvoip/Test_Set/CLIP/ref/R_05_CLIP_MK.wav,resources/TCDvoip/Test_Set/CLIP/C_05_CLIP_MK.wav,,,,5,,,3.916666667,3.583333333,0.154156685,TCDvoip,0.928611243,0.371521873,CLIP,94,,,,,,,0.4488467044516387,1.0877976223278751,3.2052195072174072
191,,resources/TCDvoip/Test_Set/CLIP/ref/R_05_CLIP_ML.wav,resources/TCDvoip/Test_Set/CLIP/C_05_CLIP_ML.wav,,,,5,,,4.0,3.583333333,0.154156685,TCDvoip,0.722315119,0.288986234,CLIP,96,,,,,,,0.6833239491441762,1.4523287390735515,2.7597365379333496
192,,resources/TCDvoip/Test_Set/CLIP/ref/R_06_CLIP_FA.wav,resources/TCDvoip/Test_Set/CLIP/C_06_CLIP_FA.wav,,,,6,,,3.041666667,3.260416667,0.165309319,TCDvoip,0.907896119,0.363234098,CLIP,73,,,,,,,0.8009495119271054,1.6514613535940494,1.9236408472061157
193,,resources/TCDvoip/Test_Set/CLIP/ref/R_06_CLIP_FG.wav,resources/TCDvoip/Test_Set/CLIP/C_06_CLIP_FG.wav,,,,6,,,2.708333333,3.260416667,0.165309319,TCDvoip,0.690253052,0.276158736,CLIP,65,,,,,,,0.7708503615858993,1.9309990586688208,1.6687607765197754
194,,resources/TCDvoip/Test_Set/CLIP/ref/R_06_CLIP_MK.wav,resources/TCDvoip/Test_Set/CLIP/C_06_CLIP_MK.wav,,,,6,,,3.666666667,3.260416667,0.165309319,TCDvoip,0.816496581,0.326666667,CLIP,88,,,,,,,0.6295777949566055,1.5531326497104678,2.1097187995910645
195,,resources/TCDvoip/Test_Set/CLIP/ref/R_06_CLIP_ML.wav,resources/TCDvoip/Test_Set/CLIP/C_06_CLIP_ML.wav,,,,6,,,3.625,3.260416667,0.165309319,TCDvoip,0.923721208,0.369565452,CLIP,87,,,,,,,0.6579147649570045,1.51647784545231,2.324660539627075
196,,resources/TCDvoip/Test_Set/CLIP/ref/R_07_CLIP_FA.wav,resources/TCDvoip/Test_Set/CLIP/C_07_CLIP_FA.wav,,,,7,,,3.458333333,3.354166667,0.170997803,TCDvoip,1.102533315,0.441105194,CLIP,83,,,,,,,0.6465182417015579,1.5679722499457642,1.883915662765503
197,,resources/TCDvoip/Test_Set/CLIP/ref/R_07_CLIP_FG.wav,resources/TCDvoip/Test_Set/CLIP/C_07_CLIP_FG.wav,,,,7,,,2.5,3.354166667,0.170997803,TCDvoip,0.780189498,0.312140808,CLIP,60,,,,,,,0.7776065501992093,2.134640450264203,1.6703848838806152
198,,resources/TCDvoip/Test_Set/CLIP/ref/R_07_CLIP_MK.wav,resources/TCDvoip/Test_Set/CLIP/C_07_CLIP_MK.wav,,,,7,,,3.75,3.354166667,0.170997803,TCDvoip,0.737209781,0.29494534,CLIP,90,,,,,,,0.6782804342089495,1.618747935850989,2.27358341217041
199,,resources/TCDvoip/Test_Set/CLIP/ref/R_07_CLIP_ML.wav,resources/TCDvoip/Test_Set/CLIP/C_07_CLIP_ML.wav,,,,7,,,3.708333333,3.354166667,0.170997803,TCDvoip,0.806450444,0.322647375,CLIP,89,,,,,,,0.6155718979221534,1.3898246787385478,2.5082998275756836
200,,resources/TCDvoip/Test_Set/CLIP/ref/R_08_CLIP_FA.wav,resources/TCDvoip/Test_Set/CLIP/C_08_CLIP_FA.wav,,,,8,,,2.666666667,2.9375,0.175855511,TCDvoip,0.916831342,0.366808932,CLIP,64,,,,,,,0.9759830920562621,2.5767749528773933,1.4028360843658447
201,,resources/TCDvoip/Test_Set/CLIP/ref/R_08_CLIP_FG.wav,resources/TCDvoip/Test_Set/CLIP/C_08_CLIP_FG.wav,,,,8,,,2.25,2.9375,0.175855511,TCDvoip,0.737209781,0.29494534,CLIP,54,,,,,,,0.8835892597552315,2.37725159152484,1.412306547164917
202,,resources/TCDvoip/Test_Set/CLIP/ref/R_08_CLIP_MK.wav,resources/TCDvoip/Test_Set/CLIP/C_08_CLIP_MK.wav,,,,8,,,3.208333333,2.9375,0.175855511,TCDvoip,0.931532943,0.372690797,CLIP,77,,,,,,,0.8131662691676419,2.168586740457501,1.7132538557052612
203,,resources/TCDvoip/Test_Set/CLIP/ref/R_08_CLIP_ML.wav,resources/TCDvoip/Test_Set/CLIP/C_08_CLIP_ML.wav,,,,8,,,3.625,2.9375,0.175855511,TCDvoip,0.969648076,0.387940026,CLIP,87,,,,,,,0.8913147137766518,1.6479920168375977,2.1981523036956787
204,,resources/TCDvoip/Test_Set/CLIP/ref/R_09_CLIP_FA.wav,resources/TCDvoip/Test_Set/CLIP/C_09_CLIP_FA.wav,,,,9,,,1.75,2.395833333,0.170997803,TCDvoip,0.944089163,0.377714331,CLIP,42,,,,,,,0.8722424561362376,2.2852958621244097,1.3936829566955566
205,,resources/TCDvoip/Test_Set/CLIP/ref/R_09_CLIP_FG.wav,resources/TCDvoip/Test_Set/CLIP/C_09_CLIP_FG.wav,,,,9,,,2.0,2.395833333,0.170997803,TCDvoip,0.722315119,0.288986234,CLIP,48,,,,,,,0.9259036776279044,2.2581973723721633,1.3572509288787842
206,,resources/TCDvoip/Test_Set/CLIP/ref/R_09_CLIP_MK.wav,resources/TCDvoip/Test_Set/CLIP/C_09_CLIP_MK.wav,,,,9,,,2.791666667,2.395833333,0.170997803,TCDvoip,0.883627241,0.353524524,CLIP,67,,,,,,,0.8628946529963822,2.2082287425320195,1.418581485748291
207,,resources/TCDvoip/Test_Set/CLIP/ref/R_09_CLIP_ML.wav,resources/TCDvoip/Test_Set/CLIP/C_09_CLIP_ML.wav,,,,9,,,3.041666667,2.395833333,0.170997803,TCDvoip,0.907896119,0.363234098,CLIP,73,,,,,,,0.9467619094003792,2.1675709897529103,1.6750738620758057
208,,resources/TCDvoip/Test_Set/CLIP/ref/R_10_CLIP_FA.wav,resources/TCDvoip/Test_Set/CLIP/C_10_CLIP_FA.wav,,,,10,,,1.541666667,1.677083333,0.15076062,TCDvoip,0.779027636,0.311675967,CLIP,37,,,,,,,1.0041888349309007,3.00048068545168,1.1379016637802124
209,,resources/TCDvoip/Test_Set/CLIP/ref/R_10_CLIP_FG.wav,resources/TCDvoip/Test_Set/CLIP/C_10_CLIP_FG.wav,,,,10,,,1.166666667,1.677083333,0.15076062,TCDvoip,0.380693494,0.152309119,CLIP,28,,,,,,,1.0933900058547943,2.949441815058156,1.1151374578475952
210,,resources/TCDvoip/Test_Set/CLIP/ref/R_10_CLIP_MK.wav,resources/TCDvoip/Test_Set/CLIP/C_10_CLIP_MK.wav,,,,10,,,1.833333333,1.677083333,0.15076062,TCDvoip,0.637022057,0.254861903,CLIP,44,,,,,,,1.0594115266052602,2.9588463683809376,1.278975248336792
211,,resources/TCDvoip/Test_Set/CLIP/ref/R_10_CLIP_ML.wav,resources/TCDvoip/Test_Set/CLIP/C_10_CLIP_ML.wav,,,,10,,,2.166666667,1.677083333,0.15076062,TCDvoip,1.090140265,0.436146942,CLIP,52,,,,,,,1.0081534342697722,2.5923607846718952,1.4727838039398193
212,,resources/TCDvoip/Test_Set/CLIP/ref/R_11_CLIP_FA.wav,resources/TCDvoip/Test_Set/CLIP/C_11_CLIP_FA.wav,,,,5,,,3.958333333,4.0625,0.163976803,TCDvoip,0.907896119,0.363234098,MNRU,95,,,,,,,0.18128104060541841,0.26059076300863615,3.985525369644165
213,,resources/TCDvoip/Test_Set/CLIP/ref/R_11_CLIP_FG.wav,resources/TCDvoip/Test_Set/CLIP/C_11_CLIP_FG.wav,,,,5,,,4.041666667,4.0625,0.163976803,TCDvoip,0.907896119,0.363234098,MNRU,97,,,,,,,0.25857803634391285,0.5641605361598634,4.415691375732422
214,,resources/TCDvoip/Test_Set/CLIP/ref/R_11_CLIP_MK.wav,resources/TCDvoip/Test_Set/CLIP/C_11_CLIP_MK.wav,,,,5,,,4.291666667,4.0625,0.163976803,TCDvoip,0.806450444,0.322647375,MNRU,103,,,,,,,0.22148806329253648,0.24221424633867428,4.111847877502441
215,,resources/TCDvoip/Test_Set/CLIP/ref/R_11_CLIP_ML.wav,resources/TCDvoip/Test_Set/CLIP/C_11_CLIP_ML.wav,,,,5,,,3.958333333,4.0625,0.163976803,TCDvoip,0.690253052,0.276158736,MNRU,95,,,,,,,0.2941445988543635,0.7868096442322092,4.362552642822266
216,,resources/TCDvoip/Test_Set/CLIP/ref/R_12_CLIP_FA.wav,resources/TCDvoip/Test_Set/CLIP/C_12_CLIP_FA.wav,,,,6,,,3.541666667,3.614583333,0.165096839,TCDvoip,0.883627241,0.353524524,MNRU,85,,,,,,,0.3967639804775201,0.8621334647818736,3.347576141357422
217,,resources/TCDvoip/Test_Set/CLIP/ref/R_12_CLIP_FG.wav,resources/TCDvoip/Test_Set/CLIP/C_12_CLIP_FG.wav,,,,6,,,3.458333333,3.614583333,0.165096839,TCDvoip,0.832970936,0.333257781,MNRU,83,,,,,,,0.4184489443926474,0.6963836704075926,3.573662757873535
218,,resources/TCDvoip/Test_Set/CLIP/ref/R_12_CLIP_MK.wav,resources/TCDvoip/Test_Set/CLIP/C_12_CLIP_MK.wav,,,,6,,,3.416666667,3.614583333,0.165096839,TCDvoip,0.829702234,0.331950028,MNRU,82,,,,,,,0.37287058755455105,0.4944552573896852,3.7931289672851562
219,,resources/TCDvoip/Test_Set/CLIP/ref/R_12_CLIP_ML.wav,resources/TCDvoip/Test_Set/CLIP/C_12_CLIP_ML.wav,,,,6,,,4.041666667,3.614583333,0.165096839,TCDvoip,0.806450444,0.322647375,MNRU,97,,,,,,,0.4162500060980843,0.35823595792403123,3.720350980758667
220,,resources/TCDvoip/Test_Set/CLIP/ref/R_13_CLIP_FA.wav,resources/TCDvoip/Test_Set/CLIP/C_13_CLIP_FA.wav,,,,7,,,2.833333333,2.822916667,0.15076062,TCDvoip,0.701964118,0.280844138,MNRU,68,,,,,,,0.5909277985479616,1.1175306466036823,2.493293523788452
221,,resources/TCDvoip/Test_Set/CLIP/ref/R_13_CLIP_FG.wav,resources/TCDvoip/Test_Set/CLIP/C_13_CLIP_FG.wav,,,,7,,,2.833333333,2.822916667,0.15076062,TCDvoip,0.761386988,0.304618237,MNRU,68,,,,,,,0.6325421582082793,1.0438255814224013,2.4749131202697754
222,,resources/TCDvoip/Test_Set/CLIP/ref/R_13_CLIP_MK.wav,resources/TCDvoip/Test_Set/CLIP/C_13_CLIP_MK.wav,,,,7,,,2.833333333,2.822916667,0.15076062,TCDvoip,0.816496581,0.326666667,MNRU,68,,,,,,,0.6825268418595368,1.0911419634615247,2.456408977508545
223,,resources/TCDvoip/Test_Set/CLIP/ref/R_13_CLIP_ML.wav,resources/TCDvoip/Test_Set/CLIP/C_13_CLIP_ML.wav,,,,7,,,2.791666667,2.822916667,0.15076062,TCDvoip,0.779027636,0.311675967,MNRU,67,,,,,,,0.7224608761369536,1.2480063338416478,2.31816029548645
224,,resources/TCDvoip/Test_Set/CLIP/ref/R_14_CLIP_FA.wav,resources/TCDvoip/Test_Set/CLIP/C_14_CLIP_FA.wav,,,,8,,,1.375,1.489583333,0.126030982,TCDvoip,0.575779245,0.230359675,MNRU,33,,,,,,,1.023792028870081,2.689779104578869,1.1422381401062012
225,,resources/TCDvoip/Test_Set/CLIP/ref/R_14_CLIP_FG.wav,resources/TCDvoip/Test_Set/CLIP/C_14_CLIP_FG.wav,,,,8,,,1.375,1.489583333,0.126030982,TCDvoip,0.646898957,0.258813486,MNRU,33,,,,,,,0.9680820066521598,2.246223891684691,1.261026382446289
226,,resources/TCDvoip/Test_Set/CLIP/ref/R_14_CLIP_MK.wav,resources/TCDvoip/Test_Set/CLIP/C_14_CLIP_MK.wav,,,,8,,,1.458333333,1.489583333,0.126030982,TCDvoip,0.508977378,0.203633361,MNRU,35,,,,,,,0.9564552200526109,2.5828823807301586,1.2539030313491821
227,,resources/TCDvoip/Test_Set/CLIP/ref/R_14_CLIP_ML.wav,resources/TCDvoip/Test_Set/CLIP/C_14_CLIP_ML.wav,,,,8,,,1.75,1.489583333,0.126030982,TCDvoip,0.793999233,0.317665853,MNRU,42,,,,,,,0.9328074274949215,2.04985983792582,1.266384243965149
228,,resources/TCDvoip/Test_Set/COMPSPKR/ref/R_01_COMPSPKR_FA.wav,resources/TCDvoip/Test_Set/COMPSPKR/C_01_COMPSPKR_FA.wav,,,,1,,,4.666666667,4.552083333,0.12864973,TCDvoip,0.701964118,0.280844138,COMPSPKR,112,,,,,,,0.0,0.0,4.643888473510742
229,,resources/TCDvoip/Test_Set/COMPSPKR/ref/R_01_COMPSPKR_FG.wav,resources/TCDvoip/Test_Set/COMPSPKR/C_01_COMPSPKR_FG.wav,,,,1,,,4.541666667,4.552083333,0.12864973,TCDvoip,0.65800533,0.26325696,COMPSPKR,109,,,,,,,0.0,0.0,4.643888473510742
230,,resources/TCDvoip/Test_Set/COMPSPKR/ref/R_01_COMPSPKR_MK.wav,resources/TCDvoip/Test_Set/COMPSPKR/C_01_COMPSPKR_MK.wav,,,,1,,,4.5,4.552083333,0.12864973,TCDvoip,0.589767825,0.235956272,COMPSPKR,108,,,,,,,0.0,0.0,4.643888473510742
231,,resources/TCDvoip/Test_Set/COMPSPKR/ref/R_01_COMPSPKR_ML.wav,resources/TCDvoip/Test_Set/COMPSPKR/C_01_COMPSPKR_ML.wav,,,,1,,,4.5,4.552083333,0.12864973,TCDvoip,0.659380473,0.263807132,COMPSPKR,108,,,,,,,0.0,0.0,4.643888473510742
232,,resources/TCDvoip/Test_Set/COMPSPKR/ref/R_02_COMPSPKR_FA.wav,resources/TCDvoip/Test_Set/COMPSPKR/C_02_COMPSPKR_FA.wav,,,,2,,,4.291666667,4.083333333,0.144519521,TCDvoip,0.624093546,0.249689421,COMPSPKR,103,,,,,,,0.2974866121335941,0.15148649173475934,2.9317917823791504
233,,resources/TCDvoip/Test_Set/COMPSPKR/ref/R_02_COMPSPKR_FG.wav,resources/TCDvoip/Test_Set/COMPSPKR/C_02_COMPSPKR_FG.wav,,,,2,,,3.916666667,4.083333333,0.144519521,TCDvoip,0.775531608,0.310277264,COMPSPKR,94,,,,,,,0.34235718811243293,0.696571617214673,2.712042808532715
234,,resources/TCDvoip/Test_Set/COMPSPKR/ref/R_02_COMPSPKR_MK.wav,resources/TCDvoip/Test_Set/COMPSPKR/C_02_COMPSPKR_MK.wav,,,,2,,,4.083333333,4.083333333,0.144519521,TCDvoip,0.717281502,0.286972368,COMPSPKR,98,,,,,,,0.30581904605451815,0.6213092002865701,3.5278480052948
235,,resources/TCDvoip/Test_Set/COMPSPKR/ref/R_02_COMPSPKR_ML.wav,resources/TCDvoip/Test_Set/COMPSPKR/C_02_COMPSPKR_ML.wav,,,,2,,,4.041666667,4.083333333,0.144519521,TCDvoip,0.806450444,0.322647375,COMPSPKR,97,,,,,,,0.2767503701917523,0.14880101845805477,3.9848639965057373
236,,resources/TCDvoip/Test_Set/COMPSPKR/ref/R_03_COMPSPKR_FA.wav,resources/TCDvoip/Test_Set/COMPSPKR/C_03_COMPSPKR_FA.wav,,,,3,,,4.333333333,4.15625,0.149709197,TCDvoip,0.637022057,0.254861903,COMPSPKR,104,,,,,,,0.32669806311695504,0.8017583529527594,2.4797301292419434
237,,resources/TCDvoip/Test_Set/COMPSPKR/ref/R_03_COMPSPKR_FG.wav,resources/TCDvoip/Test_Set/COMPSPKR/C_03_COMPSPKR_FG.wav,,,,3,,,4.041666667,4.15625,0.149709197,TCDvoip,0.750603622,0.300303993,COMPSPKR,97,,,,,,,0.2753026623730869,0.20346139783340195,4.232316493988037
238,,resources/TCDvoip/Test_Set/COMPSPKR/ref/R_03_COMPSPKR_MK.wav,resources/TCDvoip/Test_Set/COMPSPKR/C_03_COMPSPKR_MK.wav,,,,3,,,4.208333333,4.15625,0.149709197,TCDvoip,0.779027636,0.311675967,COMPSPKR,101,,,,,,,0.2455557131843756,0.6913079852386337,2.972090482711792
239,,resources/TCDvoip/Test_Set/COMPSPKR/ref/R_03_COMPSPKR_ML.wav,resources/TCDvoip/Test_Set/COMPSPKR/C_03_COMPSPKR_ML.wav,,,,3,,,4.041666667,4.15625,0.149709197,TCDvoip,0.85867272,0.343540637,COMPSPKR,97,,,,,,,0.2772400539605836,0.12983624753512937,3.4029650688171387
240,,resources/TCDvoip/Test_Set/COMPSPKR/ref/R_04_COMPSPKR_FA.wav,resources/TCDvoip/Test_Set/COMPSPKR/C_04_COMPSPKR_FA.wav,,,,4,,,3.666666667,3.604166667,0.167366863,TCDvoip,0.816496581,0.326666667,COMPSPKR,88,,,,,,,0.3743288171659278,0.2418801515494659,2.5246150493621826
241,,resources/TCDvoip/Test_Set/COMPSPKR/ref/R_04_COMPSPKR_FG.wav,resources/TCDvoip/Test_Set/COMPSPKR/C_04_COMPSPKR_FG.wav,,,,4,,,3.5,3.604166667,0.167366863,TCDvoip,0.834057656,0.33369256,COMPSPKR,84,,,,,,,0.5464314476704102,0.3590662504144073,1.6344528198242188
242,,resources/TCDvoip/Test_Set/COMPSPKR/ref/R_04_COMPSPKR_MK.wav,resources/TCDvoip/Test_Set/COMPSPKR/C_04_COMPSPKR_MK.wav,,,,4,,,3.583333333,3.604166667,0.167366863,TCDvoip,0.880546602,0.352292012,COMPSPKR,86,,,,,,,0.43037106772459893,0.7267926502974201,2.1760365962982178
243,,resources/TCDvoip/Test_Set/COMPSPKR/ref/R_04_COMPSPKR_ML.wav,resources/TCDvoip/Test_Set/COMPSPKR/C_04_COMPSPKR_ML.wav,,,,4,,,3.666666667,3.604166667,0.167366863,TCDvoip,0.868114732,0.347318228,COMPSPKR,88,,,,,,,0.3964709150475207,0.9125576289502448,2.422527313232422
244,,resources/TCDvoip/Test_Set/COMPSPKR/ref/R_05_COMPSPKR_FA.wav,resources/TCDvoip/Test_Set/COMPSPKR/C_05_COMPSPKR_FA.wav,,,,5,,,3.583333333,3.479166667,0.157423796,TCDvoip,0.775531608,0.310277264,COMPSPKR,86,,,,,,,0.447677789236198,0.6662674230607828,2.5597658157348633
245,,resources/TCDvoip/Test_Set/COMPSPKR/ref/R_05_COMPSPKR_FG.wav,resources/TCDvoip/Test_Set/COMPSPKR/C_05_COMPSPKR_FG.wav,,,,5,,,3.583333333,3.479166667,0.157423796,TCDvoip,0.829702234,0.331950028,COMPSPKR,86,,,,,,,0.4630136284870762,0.7766296198493725,1.591529130935669
246,,resources/TCDvoip/Test_Set/COMPSPKR/ref/R_05_COMPSPKR_MK.wav,resources/TCDvoip/Test_Set/COMPSPKR/C_05_COMPSPKR_MK.wav,,,,5,,,3.416666667,3.479166667,0.157423796,TCDvoip,0.775531608,0.310277264,COMPSPKR,82,,,,,,,0.40671593158697905,0.7561382257918846,2.6295359134674072
247,,resources/TCDvoip/Test_Set/COMPSPKR/ref/R_05_COMPSPKR_ML.wav,resources/TCDvoip/Test_Set/COMPSPKR/C_05_COMPSPKR_ML.wav,,,,5,,,3.333333333,3.479166667,0.157423796,TCDvoip,0.816496581,0.326666667,COMPSPKR,80,,,,,,,0.46517903963923574,0.3011306067452651,2.8476805686950684
248,,resources/TCDvoip/Test_Set/COMPSPKR/ref/R_06_COMPSPKR_FA.wav,resources/TCDvoip/Test_Set/COMPSPKR/C_06_COMPSPKR_FA.wav,,,,6,,,3.791666667,3.625,0.170277809,TCDvoip,0.883627241,0.353524524,COMPSPKR,91,,,,,,,0.45341297205062847,0.7062211150652458,2.5594565868377686
249,,resources/TCDvoip/Test_Set/COMPSPKR/ref/R_06_COMPSPKR_FG.wav,resources/TCDvoip/Test_Set/COMPSPKR/C_06_COMPSPKR_FG.wav,,,,6,,,3.458333333,3.625,0.170277809,TCDvoip,0.931532943,0.372690797,COMPSPKR,83,,,,,,,0.7071638148969537,0.6499160235717344,1.8122167587280273
250,,resources/TCDvoip/Test_Set/COMPSPKR/ref/R_06_COMPSPKR_MK.wav,resources/TCDvoip/Test_Set/COMPSPKR/C_06_COMPSPKR_MK.wav,,,,6,,,3.541666667,3.625,0.170277809,TCDvoip,0.721060009,0.288484086,COMPSPKR,85,,,,,,,0.4962028691505504,0.14405191985703727,2.217407703399658
251,,resources/TCDvoip/Test_Set/COMPSPKR/ref/R_06_COMPSPKR_ML.wav,resources/TCDvoip/Test_Set/COMPSPKR/C_06_COMPSPKR_ML.wav,,,,6,,,3.708333333,3.625,0.170277809,TCDvoip,0.907896119,0.363234098,COMPSPKR,89,,,,,,,0.42069855714633186,0.21715043963892605,2.658876657485962
252,,resources/TCDvoip/Test_Set/COMPSPKR/ref/R_07_COMPSPKR_FA.wav,resources/TCDvoip/Test_Set/COMPSPKR/C_07_COMPSPKR_FA.wav,,,,7,,,2.708333333,2.78125,0.170946475,TCDvoip,0.806450444,0.322647375,COMPSPKR,65,,,,,,,0.8502689200665267,0.9451559343850717,1.666237711906433
253,,resources/TCDvoip/Test_Set/COMPSPKR/ref/R_07_COMPSPKR_FG.wav,resources/TCDvoip/Test_Set/COMPSPKR/C_07_COMPSPKR_FG.wav,,,,7,,,2.458333333,2.78125,0.170946475,TCDvoip,0.883627241,0.353524524,COMPSPKR,59,,,,,,,0.7031079714513433,1.026052560841397,1.4628301858901978
254,,resources/TCDvoip/Test_Set/COMPSPKR/ref/R_07_COMPSPKR_MK.wav,resources/TCDvoip/Test_Set/COMPSPKR/C_07_COMPSPKR_MK.wav,,,,7,,,2.875,2.78125,0.170946475,TCDvoip,0.850191794,0.34014756,COMPSPKR,69,,,,,,,0.5896461854812345,0.9760136116021456,1.6621592044830322
255,,resources/TCDvoip/Test_Set/COMPSPKR/ref/R_07_COMPSPKR_ML.wav,resources/TCDvoip/Test_Set/COMPSPKR/C_07_COMPSPKR_ML.wav,,,,7,,,3.083333333,2.78125,0.170946475,TCDvoip,0.928611243,0.371521873,COMPSPKR,74,,,,,,,0.7407348104200222,1.2335403648339738,1.3098593950271606
256,,resources/TCDvoip/Test_Set/COMPSPKR/ref/R_08_COMPSPKR_FA.wav,resources/TCDvoip/Test_Set/COMPSPKR/C_08_COMPSPKR_FA.wav,,,,8,,,3.0,2.90625,0.204080684,TCDvoip,1.103354569,0.441433764,COMPSPKR,72,,,,,,,0.5959236727233511,1.2645142261319902,1.776496410369873
257,,resources/TCDvoip/Test_Set/COMPSPKR/ref/R_08_COMPSPKR_FG.wav,resources/TCDvoip/Test_Set/COMPSPKR/C_08_COMPSPKR_FG.wav,,,,8,,,3.125,2.90625,0.204080684,TCDvoip,1.226961606,0.490886879,COMPSPKR,75,,,,,,,0.5989888219443498,0.9886015565186872,1.2732272148132324
258,,resources/TCDvoip/Test_Set/COMPSPKR/ref/R_08_COMPSPKR_MK.wav,resources/TCDvoip/Test_Set/COMPSPKR/C_08_COMPSPKR_MK.wav,,,,8,,,2.625,2.90625,0.204080684,TCDvoip,0.769669607,0.307931975,COMPSPKR,63,,,,,,,0.7271915875528575,1.0058373790184816,1.7275032997131348
259,,resources/TCDvoip/Test_Set/COMPSPKR/ref/R_08_COMPSPKR_ML.wav,resources/TCDvoip/Test_Set/COMPSPKR/C_08_COMPSPKR_ML.wav,,,,8,,,2.875,2.90625,0.204080684,TCDvoip,0.991814323,0.396808372,COMPSPKR,69,,,,,,,0.7209603472025397,0.8507040482577384,1.1179020404815674
260,,resources/TCDvoip/Test_Set/COMPSPKR/ref/R_09_COMPSPKR_FA.wav,resources/TCDvoip/Test_Set/COMPSPKR/C_09_COMPSPKR_FA.wav,,,,9,,,3.083333333,2.947916667,0.177494646,TCDvoip,0.829702234,0.331950028,COMPSPKR,74,,,,,,,0.7460803832383478,1.035239455339908,1.7837458848953247
261,,resources/TCDvoip/Test_Set/COMPSPKR/ref/R_09_COMPSPKR_FG.wav,resources/TCDvoip/Test_Set/COMPSPKR/C_09_COMPSPKR_FG.wav,,,,9,,,2.75,2.947916667,0.177494646,TCDvoip,0.98907071,0.395710698,COMPSPKR,66,,,,,,,0.7519886352403318,0.9962487237100135,1.4993605613708496
262,,resources/TCDvoip/Test_Set/COMPSPKR/ref/R_09_COMPSPKR_MK.wav,resources/TCDvoip/Test_Set/COMPSPKR/C_09_COMPSPKR_MK.wav,,,,9,,,3.083333333,2.947916667,0.177494646,TCDvoip,0.717281502,0.286972368,COMPSPKR,74,,,,,,,0.6315128214992035,0.5716696539510712,1.9525809288024902
263,,resources/TCDvoip/Test_Set/COMPSPKR/ref/R_09_COMPSPKR_ML.wav,resources/TCDvoip/Test_Set/COMPSPKR/C_09_COMPSPKR_ML.wav,,,,9,,,2.875,2.947916667,0.177494646,TCDvoip,1.034723235,0.413975512,COMPSPKR,69,,,,,,,0.8393173798313117,1.0093306056872158,1.601346731185913
264,,resources/TCDvoip/Test_Set/COMPSPKR/ref/R_10_COMPSPKR_FA.wav,resources/TCDvoip/Test_Set/COMPSPKR/C_10_COMPSPKR_FA.wav,,,,10,,,1.916666667,1.8125,0.177642908,TCDvoip,0.880546602,0.352292012,COMPSPKR,46,,,,,,,0.935112765678275,1.686659816966378,1.2826298475265503
265,,resources/TCDvoip/Test_Set/COMPSPKR/ref/R_10_COMPSPKR_FG.wav,resources/TCDvoip/Test_Set/COMPSPKR/C_10_COMPSPKR_FG.wav,,,,10,,,1.875,1.8125,0.177642908,TCDvoip,0.899879219,0.36002667,COMPSPKR,45,,,,,,,0.8798521025702764,1.6865016533281276,1.2932133674621582
266,,resources/TCDvoip/Test_Set/COMPSPKR/ref/R_10_COMPSPKR_MK.wav,resources/TCDvoip/Test_Set/COMPSPKR/C_10_COMPSPKR_MK.wav,,,,10,,,1.583333333,1.8125,0.177642908,TCDvoip,0.829702234,0.331950028,COMPSPKR,38,,,,,,,1.031795225041194,2.2396927805074043,1.3133176565170288
267,,resources/TCDvoip/Test_Set/COMPSPKR/ref/R_10_COMPSPKR_ML.wav,resources/TCDvoip/Test_Set/COMPSPKR/C_10_COMPSPKR_ML.wav,,,,10,,,1.875,1.8125,0.177642908,TCDvoip,0.991814323,0.396808372,COMPSPKR,45,,,,,,,0.9715615770463608,1.3201116055266815,1.3100526332855225
268,,resources/TCDvoip/Test_Set/COMPSPKR/ref/R_11_COMPSPKR_FA.wav,resources/TCDvoip/Test_Set/COMPSPKR/C_11_COMPSPKR_FA.wav,,,,9,,,4.166666667,4.083333333,0.19180003,TCDvoip,0.916831342,0.366808932,MNRU,100,,,,,,,0.20942279435512506,0.19986172454149467,3.9635777473449707
269,,resources/TCDvoip/Test_Set/COMPSPKR/ref/R_11_COMPSPKR_FG.wav,resources/TCDvoip/Test_Set/COMPSPKR/C_11_COMPSPKR_FG.wav,,,,9,,,4.166666667,4.083333333,0.19180003,TCDvoip,1.00722031,0.40297205,MNRU,100,,,,,,,0.2379971595297382,0.23102831435422325,4.2679595947265625
270,,resources/TCDvoip/Test_Set/COMPSPKR/ref/R_11_COMPSPKR_MK.wav,resources/TCDvoip/Test_Set/COMPSPKR/C_11_COMPSPKR_MK.wav,,,,9,,,3.833333333,4.083333333,0.19180003,TCDvoip,1.090140265,0.436146942,MNRU,92,,,,,,,0.21620290724844698,0.2076598492968917,3.9101648330688477
271,,resources/TCDvoip/Test_Set/COMPSPKR/ref/R_11_COMPSPKR_ML.wav,resources/TCDvoip/Test_Set/COMPSPKR/C_11_COMPSPKR_ML.wav,,,,9,,,4.166666667,4.083333333,0.19180003,TCDvoip,0.868114732,0.347318228,MNRU,100,,,,,,,0.20403959730517318,0.17579638539244707,4.24482536315918
272,,resources/TCDvoip/Test_Set/COMPSPKR/ref/R_12_COMPSPKR_FA.wav,resources/TCDvoip/Test_Set/COMPSPKR/C_12_COMPSPKR_FA.wav,,,,10,,,3.708333333,3.75,0.198897804,TCDvoip,0.954584666,0.381913407,MNRU,89,,,,,,,0.41712080779614497,0.5135655977286315,3.298079013824463
273,,resources/TCDvoip/Test_Set/COMPSPKR/ref/R_12_COMPSPKR_FG.wav,resources/TCDvoip/Test_Set/COMPSPKR/C_12_COMPSPKR_FG.wav,,,,10,,,3.625,3.75,0.198897804,TCDvoip,1.013495887,0.405482804,MNRU,87,,,,,,,0.4194729916481988,0.8842665000750337,3.951300859451294
274,,resources/TCDvoip/Test_Set/COMPSPKR/ref/R_12_COMPSPKR_MK.wav,resources/TCDvoip/Test_Set/COMPSPKR/C_12_COMPSPKR_MK.wav,,,,10,,,3.666666667,3.75,0.198897804,TCDvoip,1.203858531,0.481643723,MNRU,88,,,,,,,0.43145027370596023,0.4555792505132768,3.593757152557373
275,,resources/TCDvoip/Test_Set/COMPSPKR/ref/R_12_COMPSPKR_ML.wav,resources/TCDvoip/Test_Set/COMPSPKR/C_12_COMPSPKR_ML.wav,,,,10,,,4.0,3.75,0.198897804,TCDvoip,0.834057656,0.33369256,MNRU,96,,,,,,,0.40085435812682974,0.2963412056945748,3.959235191345215
276,,resources/TCDvoip/Test_Set/COMPSPKR/ref/R_13_COMPSPKR_FA.wav,resources/TCDvoip/Test_Set/COMPSPKR/C_13_COMPSPKR_FA.wav,,,,11,,,2.791666667,2.947916667,0.191845778,TCDvoip,0.9770927,0.390918496,MNRU,67,,,,,,,0.6488173496082277,1.1461237195196272,2.206700563430786
277,,resources/TCDvoip/Test_Set/COMPSPKR/ref/R_13_COMPSPKR_FG.wav,resources/TCDvoip/Test_Set/COMPSPKR/C_13_COMPSPKR_FG.wav,,,,11,,,2.75,2.947916667,0.191845778,TCDvoip,0.98907071,0.395710698,MNRU,66,,,,,,,0.6387130198733394,1.2280175624913274,2.4314687252044678
278,,resources/TCDvoip/Test_Set/COMPSPKR/ref/R_13_COMPSPKR_MK.wav,resources/TCDvoip/Test_Set/COMPSPKR/C_13_COMPSPKR_MK.wav,,,,11,,,3.041666667,2.947916667,0.191845778,TCDvoip,1.041702898,0.416767959,MNRU,73,,,,,,,0.6555409246598292,1.0535689481508614,2.422276735305786
279,,resources/TCDvoip/Test_Set/COMPSPKR/ref/R_13_COMPSPKR_ML.wav,resources/TCDvoip/Test_Set/COMPSPKR/C_13_COMPSPKR_ML.wav,,,,11,,,3.208333333,2.947916667,0.191845778,TCDvoip,0.883627241,0.353524524,MNRU,77,,,,,,,0.7137744564568237,1.104405998127813,2.289081335067749
280,,resources/TCDvoip/Test_Set/COMPSPKR/ref/R_14_COMPSPKR_FA.wav,resources/TCDvoip/Test_Set/COMPSPKR/C_14_COMPSPKR_FA.wav,,,,12,,,1.625,1.677083333,0.1686726,TCDvoip,0.875388113,0.350228186,MNRU,39,,,,,,,0.9755477988053645,2.2217452611667086,1.1086452007293701
281,,resources/TCDvoip/Test_Set/COMPSPKR/ref/R_14_COMPSPKR_FG.wav,resources/TCDvoip/Test_Set/COMPSPKR/C_14_COMPSPKR_FG.wav,,,,12,,,1.666666667,1.677083333,0.1686726,TCDvoip,0.868114732,0.347318228,MNRU,40,,,,,,,0.9985812565067471,2.0173404562341353,1.425495982170105
282,,resources/TCDvoip/Test_Set/COMPSPKR/ref/R_14_COMPSPKR_MK.wav,resources/TCDvoip/Test_Set/COMPSPKR/C_14_COMPSPKR_MK.wav,,,,12,,,1.541666667,1.677083333,0.1686726,TCDvoip,0.65800533,0.26325696,MNRU,37,,,,,,,0.9670732076429072,2.31290568693162,1.172303318977356
283,,resources/TCDvoip/Test_Set/COMPSPKR/ref/R_14_COMPSPKR_ML.wav,resources/TCDvoip/Test_Set/COMPSPKR/C_14_COMPSPKR_ML.wav,,,,12,,,1.875,1.677083333,0.1686726,TCDvoip,0.991814323,0.396808372,MNRU,45,,,,,,,0.9474368968027376,1.923099023130866,1.2994440793991089
284,,resources/TCDvoip/Test_Set/NOISE/ref/R_01_NOISE_FA.wav,resources/TCDvoip/Test_Set/NOISE/C_01_NOISE_FA.wav,,,,1,,,4.583333333,4.65625,0.111708915,TCDvoip,0.717281502,0.286972368,NOISE,110,,,,,,,0.0,0.0,4.643888473510742
285,,resources/TCDvoip/Test_Set/NOISE/ref/R_01_NOISE_FG.wav,resources/TCDvoip/Test_Set/NOISE/C_01_NOISE_FG.wav,,,,1,,,4.833333333,4.65625,0.111708915,TCDvoip,0.481543412,0.192657489,NOISE,116,,,,,,,0.0,0.0,4.643888473510742
286,,resources/TCDvoip/Test_Set/NOISE/ref/R_01_NOISE_MK.wav,resources/TCDvoip/Test_Set/NOISE/C_01_NOISE_MK.wav,,,,1,,,4.75,4.65625,0.111708915,TCDvoip,0.442325868,0.176967204,NOISE,114,,,,,,,0.0,0.0,4.643888473510742
287,,resources/TCDvoip/Test_Set/NOISE/ref/R_01_NOISE_ML.wav,resources/TCDvoip/Test_Set/NOISE/C_01_NOISE_ML.wav,,,,1,,,4.458333333,4.65625,0.111708915,TCDvoip,0.588229966,0.235341,NOISE,107,,,,,,,0.0,0.0,4.643888473510742
288,,resources/TCDvoip/Test_Set/NOISE/ref/R_02_NOISE_FA.wav,resources/TCDvoip/Test_Set/NOISE/C_02_NOISE_FA.wav,,,,2,,,4.416666667,4.458333333,0.124700987,TCDvoip,0.653862548,0.261599502,NOISE,106,,,,,,,0.32940454571173156,0.15162571846621212,4.37838888168335
289,,resources/TCDvoip/Test_Set/NOISE/ref/R_02_NOISE_FG.wav,resources/TCDvoip/Test_Set/NOISE/C_02_NOISE_FG.wav,,,,2,,,4.625,4.458333333,0.124700987,TCDvoip,0.646898957,0.258813486,NOISE,111,,,,,,,0.3370934337765743,1.0857350762916687,4.481993675231934
290,,resources/TCDvoip/Test_Set/NOISE/ref/R_02_NOISE_MK.wav,resources/TCDvoip/Test_Set/NOISE/C_02_NOISE_MK.wav,,,,2,,,4.416666667,4.458333333,0.124700987,TCDvoip,0.653862548,0.261599502,NOISE,106,,,,,,,0.2954482154221544,0.6125648268153009,4.332183837890625
291,,resources/TCDvoip/Test_Set/NOISE/ref/R_02_NOISE_ML.wav,resources/TCDvoip/Test_Set/NOISE/C_02_NOISE_ML.wav,,,,2,,,4.375,4.458333333,0.124700987,TCDvoip,0.575779245,0.230359675,NOISE,105,,,,,,,0.379274869022184,0.9868455039478835,4.404914855957031
292,,resources/TCDvoip/Test_Set/NOISE/ref/R_03_NOISE_FA.wav,resources/TCDvoip/Test_Set/NOISE/C_03_NOISE_FA.wav,,,,3,,,4.5,4.489583333,0.13581708,TCDvoip,0.659380473,0.263807132,NOISE,108,,,,,,,0.28453300991228797,1.0001905636163162,4.339552402496338
293,,resources/TCDvoip/Test_Set/NOISE/ref/R_03_NOISE_FG.wav,resources/TCDvoip/Test_Set/NOISE/C_03_NOISE_FG.wav,,,,3,,,4.541666667,4.489583333,0.13581708,TCDvoip,0.65800533,0.26325696,NOISE,109,,,,,,,0.27705400046559336,0.8365824915799591,4.518475532531738
294,,resources/TCDvoip/Test_Set/NOISE/ref/R_03_NOISE_MK.wav,resources/TCDvoip/Test_Set/NOISE/C_03_NOISE_MK.wav,,,,3,,,4.5,4.489583333,0.13581708,TCDvoip,0.722315119,0.288986234,NOISE,108,,,,,,,0.29699137270722753,0.9199510704036465,4.4990010261535645
295,,resources/TCDvoip/Test_Set/NOISE/ref/R_03_NOISE_ML.wav,resources/TCDvoip/Test_Set/NOISE/C_03_NOISE_ML.wav,,,,3,,,4.416666667,4.489583333,0.13581708,TCDvoip,0.717281502,0.286972368,NOISE,106,,,,,,,0.294793720680651,1.0413195534252078,4.524740219116211
296,,resources/TCDvoip/Test_Set/NOISE/ref/R_04_NOISE_FA.wav,resources/TCDvoip/Test_Set/NOISE/C_04_NOISE_FA.wav,,,,4,,,4.5,4.395833333,0.148118068,TCDvoip,0.659380473,0.263807132,NOISE,108,,,,,,,0.2712373057326678,0.9227830245488114,4.304076194763184
297,,resources/TCDvoip/Test_Set/NOISE/ref/R_04_NOISE_FG.wav,resources/TCDvoip/Test_Set/NOISE/C_04_NOISE_FG.wav,,,,4,,,4.458333333,4.395833333,0.148118068,TCDvoip,0.65800533,0.26325696,NOISE,107,,,,,,,0.24567895951575905,0.42160564590775174,4.448848724365234
298,,resources/TCDvoip/Test_Set/NOISE/ref/R_04_NOISE_MK.wav,resources/TCDvoip/Test_Set/NOISE/C_04_NOISE_MK.wav,,,,4,,,4.25,4.395833333,0.148118068,TCDvoip,0.944089163,0.377714331,NOISE,102,,,,,,,0.2832346554022544,0.860706269694426,4.264991283416748
299,,resources/TCDvoip/Test_Set/NOISE/ref/R_04_NOISE_ML.wav,resources/TCDvoip/Test_Set/NOISE/C_04_NOISE_ML.wav,,,,4,,,4.375,4.395833333,0.148118068,TCDvoip,0.710939366,0.284434985,NOISE,105,,,,,,,0.23894609830640973,0.06903580908023182,4.404780387878418
300,,resources/TCDvoip/Test_Set/NOISE/ref/R_05_NOISE_FA.wav,resources/TCDvoip/Test_Set/NOISE/C_05_NOISE_FA.wav,,,,5,,,3.416666667,3.614583333,0.159032183,TCDvoip,0.829702234,0.331950028,NOISE,82,,,,,,,0.3428634408940622,0.9567357863619853,4.351718902587891
301,,resources/TCDvoip/Test_Set/NOISE/ref/R_05_NOISE_FG.wav,resources/TCDvoip/Test_Set/NOISE/C_05_NOISE_FG.wav,,,,5,,,3.541666667,3.614583333,0.159032183,TCDvoip,0.832970936,0.333257781,NOISE,85,,,,,,,0.2806789184283004,0.23479277751706257,4.328702449798584
302,,resources/TCDvoip/Test_Set/NOISE/ref/R_05_NOISE_MK.wav,resources/TCDvoip/Test_Set/NOISE/C_05_NOISE_MK.wav,,,,5,,,3.875,3.614583333,0.159032183,TCDvoip,0.7974143,0.319032164,NOISE,93,,,,,,,0.30588036688599074,0.5981187371516643,4.282896518707275
303,,resources/TCDvoip/Test_Set/NOISE/ref/R_05_NOISE_ML.wav,resources/TCDvoip/Test_Set/NOISE/C_05_NOISE_ML.wav,,,,5,,,3.625,3.614583333,0.159032183,TCDvoip,0.769669607,0.307931975,NOISE,87,,,,,,,0.2735915204190985,0.1110580081712532,4.447797775268555
304,,resources/TCDvoip/Test_Set/NOISE/ref/R_06_NOISE_FA.wav,resources/TCDvoip/Test_Set/NOISE/C_06_NOISE_FA.wav,,,,6,,,3.791666667,4.010416667,0.154213601,TCDvoip,0.779027636,0.311675967,NOISE,91,,,,,,,0.4414907061562118,0.8725611104353581,3.9739644527435303
305,,resources/TCDvoip/Test_Set/NOISE/ref/R_06_NOISE_FG.wav,resources/TCDvoip/Test_Set/NOISE/C_06_NOISE_FG.wav,,,,6,,,4.25,4.010416667,0.154213601,TCDvoip,0.737209781,0.29494534,NOISE,102,,,,,,,0.34840120230700306,1.0286238379922579,4.0536041259765625
306,,resources/TCDvoip/Test_Set/NOISE/ref/R_06_NOISE_MK.wav,resources/TCDvoip/Test_Set/NOISE/C_06_NOISE_MK.wav,,,,6,,,4.0,4.010416667,0.154213601,TCDvoip,0.780189498,0.312140808,NOISE,96,,,,,,,0.461446170428694,0.9025215042442438,3.864722490310669
307,,resources/TCDvoip/Test_Set/NOISE/ref/R_06_NOISE_ML.wav,resources/TCDvoip/Test_Set/NOISE/C_06_NOISE_ML.wav,,,,6,,,4.0,4.010416667,0.154213601,TCDvoip,0.834057656,0.33369256,NOISE,96,,,,,,,0.39450380626718434,1.0668534452492608,4.0721116065979
308,,resources/TCDvoip/Test_Set/NOISE/ref/R_07_NOISE_FA.wav,resources/TCDvoip/Test_Set/NOISE/C_07_NOISE_FA.wav,,,,7,,,4.375,4.104166667,0.132877675,TCDvoip,0.646898957,0.258813486,NOISE,105,,,,,,,0.4398940113261227,0.7361807961249208,4.163038730621338
309,,resources/TCDvoip/Test_Set/NOISE/ref/R_07_NOISE_FG.wav,resources/TCDvoip/Test_Set/NOISE/C_07_NOISE_FG.wav,,,,7,,,4.333333333,4.104166667,0.132877675,TCDvoip,0.701964118,0.280844138,NOISE,104,,,,,,,0.3676124556538737,1.0455169753476965,3.3759446144104004
310,,resources/TCDvoip/Test_Set/NOISE/ref/R_07_NOISE_MK.wav,resources/TCDvoip/Test_Set/NOISE/C_07_NOISE_MK.wav,,,,7,,,3.708333333,4.104166667,0.132877675,TCDvoip,0.750603622,0.300303993,NOISE,89,,,,,,,0.31945173154441864,0.3048133646305932,4.336419582366943
311,,resources/TCDvoip/Test_Set/NOISE/ref/R_07_NOISE_ML.wav,resources/TCDvoip/Test_Set/NOISE/C_07_NOISE_ML.wav,,,,7,,,4.0,4.104166667,0.132877675,TCDvoip,0.589767825,0.235956272,NOISE,96,,,,,,,0.30526888471199753,0.2057088151786962,4.413517951965332
312,,resources/TCDvoip/Test_Set/NOISE/ref/R_08_NOISE_FA.wav,resources/TCDvoip/Test_Set/NOISE/C_08_NOISE_FA.wav,,,,8,,,4.0,4.072916667,0.157144824,TCDvoip,0.780189498,0.312140808,NOISE,96,,,,,,,0.3584501168060184,0.9351179260379908,3.8531739711761475
313,,resources/TCDvoip/Test_Set/NOISE/ref/R_08_NOISE_FG.wav,resources/TCDvoip/Test_Set/NOISE/C_08_NOISE_FG.wav,,,,8,,,4.291666667,4.072916667,0.157144824,TCDvoip,0.690253052,0.276158736,NOISE,103,,,,,,,0.3103947335462848,0.855118783767814,3.890528917312622
314,,resources/TCDvoip/Test_Set/NOISE/ref/R_08_NOISE_MK.wav,resources/TCDvoip/Test_Set/NOISE/C_08_NOISE_MK.wav,,,,8,,,4.083333333,4.072916667,0.157144824,TCDvoip,0.829702234,0.331950028,NOISE,98,,,,,,,0.28416238687520445,0.5800657974009804,3.582557439804077
315,,resources/TCDvoip/Test_Set/NOISE/ref/R_08_NOISE_ML.wav,resources/TCDvoip/Test_Set/NOISE/C_08_NOISE_ML.wav,,,,8,,,3.916666667,4.072916667,0.157144824,TCDvoip,0.880546602,0.352292012,NOISE,94,,,,,,,0.3033231002331524,0.5658394758714465,4.056041717529297
316,,resources/TCDvoip/Test_Set/NOISE/ref/R_09_NOISE_FA.wav,resources/TCDvoip/Test_Set/NOISE/C_09_NOISE_FA.wav,,,,9,,,3.333333333,3.333333333,0.163010646,TCDvoip,0.816496581,0.326666667,NOISE,80,,,,,,,0.5497523428107425,1.1064210590378498,1.468632459640503
317,,resources/TCDvoip/Test_Set/NOISE/ref/R_09_NOISE_FG.wav,resources/TCDvoip/Test_Set/NOISE/C_09_NOISE_FG.wav,,,,9,,,3.25,3.333333333,0.163010646,TCDvoip,0.737209781,0.29494534,NOISE,78,,,,,,,0.4928377319275284,0.5439684320913913,2.3926901817321777
318,,resources/TCDvoip/Test_Set/NOISE/ref/R_09_NOISE_MK.wav,resources/TCDvoip/Test_Set/NOISE/C_09_NOISE_MK.wav,,,,9,,,3.375,3.333333333,0.163010646,TCDvoip,0.769669607,0.307931975,NOISE,81,,,,,,,0.4947356261694202,0.9848787974266523,2.7429165840148926
319,,resources/TCDvoip/Test_Set/NOISE/ref/R_09_NOISE_ML.wav,resources/TCDvoip/Test_Set/NOISE/C_09_NOISE_ML.wav,,,,9,,,3.375,3.333333333,0.163010646,TCDvoip,0.969648076,0.387940026,NOISE,81,,,,,,,0.42700032166126456,0.4863842274451884,3.851022481918335
320,,resources/TCDvoip/Test_Set/NOISE/ref/R_10_NOISE_FA.wav,resources/TCDvoip/Test_Set/NOISE/C_10_NOISE_FA.wav,,,,10,,,3.833333333,3.729166667,0.145246363,TCDvoip,0.761386988,0.304618237,NOISE,92,,,,,,,0.5583283076500787,0.9986593925880802,2.64613676071167
321,,resources/TCDvoip/Test_Set/NOISE/ref/R_10_NOISE_FG.wav,resources/TCDvoip/Test_Set/NOISE/C_10_NOISE_FG.wav,,,,10,,,3.583333333,3.729166667,0.145246363,TCDvoip,0.717281502,0.286972368,NOISE,86,,,,,,,0.48221754742454026,1.394539835969326,2.91693115234375
322,,resources/TCDvoip/Test_Set/NOISE/ref/R_10_NOISE_MK.wav,resources/TCDvoip/Test_Set/NOISE/C_10_NOISE_MK.wav,,,,10,,,3.791666667,3.729166667,0.145246363,TCDvoip,0.721060009,0.288484086,NOISE,91,,,,,,,0.5424602024290511,1.3178831446301984,2.9736850261688232
323,,resources/TCDvoip/Test_Set/NOISE/ref/R_10_NOISE_ML.wav,resources/TCDvoip/Test_Set/NOISE/C_10_NOISE_ML.wav,,,,10,,,3.708333333,3.729166667,0.145246363,TCDvoip,0.750603622,0.300303993,NOISE,89,,,,,,,0.5988501113949332,1.1101847918042658,2.75569224357605
324,,resources/TCDvoip/Test_Set/NOISE/ref/R_11_NOISE_FA.wav,resources/TCDvoip/Test_Set/NOISE/C_11_NOISE_FA.wav,,,,11,,,3.666666667,3.625,0.147643329,TCDvoip,0.816496581,0.326666667,NOISE,88,,,,,,,0.4607702279902048,0.5282151180990176,3.278921127319336
325,,resources/TCDvoip/Test_Set/NOISE/ref/R_11_NOISE_FG.wav,resources/TCDvoip/Test_Set/NOISE/C_11_NOISE_FG.wav,,,,11,,,3.541666667,3.625,0.147643329,TCDvoip,0.721060009,0.288484086,NOISE,85,,,,,,,0.46561780484958526,1.227271837573666,3.813565969467163
326,,resources/TCDvoip/Test_Set/NOISE/ref/R_11_NOISE_MK.wav,resources/TCDvoip/Test_Set/NOISE/C_11_NOISE_MK.wav,,,,11,,,3.75,3.625,0.147643329,TCDvoip,0.793999233,0.317665853,NOISE,90,,,,,,,0.5777715017625233,1.0479986055238646,3.5327203273773193
327,,resources/TCDvoip/Test_Set/NOISE/ref/R_11_NOISE_ML.wav,resources/TCDvoip/Test_Set/NOISE/C_11_NOISE_ML.wav,,,,11,,,3.541666667,3.625,0.147643329,TCDvoip,0.65800533,0.26325696,NOISE,85,,,,,,,0.5483080204204377,0.6781925127760686,3.7935495376586914
328,,resources/TCDvoip/Test_Set/NOISE/ref/R_12_NOISE_FA.wav,resources/TCDvoip/Test_Set/NOISE/C_12_NOISE_FA.wav,,,,12,,,3.791666667,3.635416667,0.142747707,TCDvoip,0.65800533,0.26325696,NOISE,91,,,,,,,0.5038954388886058,0.7897947628048456,2.2429516315460205
329,,resources/TCDvoip/Test_Set/NOISE/ref/R_12_NOISE_FG.wav,resources/TCDvoip/Test_Set/NOISE/C_12_NOISE_FG.wav,,,,12,,,3.541666667,3.635416667,0.142747707,TCDvoip,0.779027636,0.311675967,NOISE,85,,,,,,,0.3883645290082225,0.9621732118813046,1.7367351055145264
330,,resources/TCDvoip/Test_Set/NOISE/ref/R_12_NOISE_MK.wav,resources/TCDvoip/Test_Set/NOISE/C_12_NOISE_MK.wav,,,,12,,,3.75,3.635416667,0.142747707,TCDvoip,0.737209781,0.29494534,NOISE,90,,,,,,,0.39518826456190725,0.7782920904910052,1.9312587976455688
331,,resources/TCDvoip/Test_Set/NOISE/ref/R_12_NOISE_ML.wav,resources/TCDvoip/Test_Set/NOISE/C_12_NOISE_ML.wav,,,,12,,,3.458333333,3.635416667,0.142747707,TCDvoip,0.721060009,0.288484086,NOISE,83,,,,,,,0.4208671274457421,0.9593544953096107,2.709731101989746
332,,resources/TCDvoip/Test_Set/NOISE/ref/R_13_NOISE_FA.wav,resources/TCDvoip/Test_Set/NOISE/C_13_NOISE_FA.wav,,,,13,,,2.333333333,2.364583333,0.153757684,TCDvoip,0.816496581,0.326666667,NOISE,56,,,,,,,1.029961788442058,1.3795771527618599,1.2244434356689453
333,,resources/TCDvoip/Test_Set/NOISE/ref/R_13_NOISE_FG.wav,resources/TCDvoip/Test_Set/NOISE/C_13_NOISE_FG.wav,,,,13,,,2.333333333,2.364583333,0.153757684,TCDvoip,0.761386988,0.304618237,NOISE,56,,,,,,,1.0922522633090674,1.1666051978537564,1.1563348770141602
334,,resources/TCDvoip/Test_Set/NOISE/ref/R_13_NOISE_MK.wav,resources/TCDvoip/Test_Set/NOISE/C_13_NOISE_MK.wav,,,,13,,,2.375,2.364583333,0.153757684,TCDvoip,0.769669607,0.307931975,NOISE,57,,,,,,,1.0353507088791214,1.361503077155466,1.1153068542480469
335,,resources/TCDvoip/Test_Set/NOISE/ref/R_13_NOISE_ML.wav,resources/TCDvoip/Test_Set/NOISE/C_13_NOISE_ML.wav,,,,13,,,2.416666667,2.364583333,0.153757684,TCDvoip,0.775531608,0.310277264,NOISE,58,,,,,,,1.1409012880113603,1.385170431251391,1.1551074981689453
336,,resources/TCDvoip/Test_Set/NOISE/ref/R_14_NOISE_FA.wav,resources/TCDvoip/Test_Set/NOISE/C_14_NOISE_FA.wav,,,,14,,,3.041666667,2.916666667,0.167366863,TCDvoip,0.954584666,0.381913407,NOISE,73,,,,,,,1.0657878185082414,1.6827202622782096,1.05217444896698
337,,resources/TCDvoip/Test_Set/NOISE/ref/R_14_NOISE_FG.wav,resources/TCDvoip/Test_Set/NOISE/C_14_NOISE_FG.wav,,,,14,,,2.708333333,2.916666667,0.167366863,TCDvoip,0.85867272,0.343540637,NOISE,65,,,,,,,1.1817678090161063,2.0065743660658715,1.0637058019638062
338,,resources/TCDvoip/Test_Set/NOISE/ref/R_14_NOISE_MK.wav,resources/TCDvoip/Test_Set/NOISE/C_14_NOISE_MK.wav,,,,14,,,2.791666667,2.916666667,0.167366863,TCDvoip,0.721060009,0.288484086,NOISE,67,,,,,,,1.045676110241212,1.7189965739515014,1.0757874250411987
339,,resources/TCDvoip/Test_Set/NOISE/ref/R_14_NOISE_ML.wav,resources/TCDvoip/Test_Set/NOISE/C_14_NOISE_ML.wav,,,,14,,,3.125,2.916666667,0.167366863,TCDvoip,0.850191794,0.34014756,NOISE,75,,,,,,,1.0948173850432865,1.9041351760639964,1.0847556591033936
340,,resources/TCDvoip/Test_Set/NOISE/ref/R_15_NOISE_FA.wav,resources/TCDvoip/Test_Set/NOISE/C_15_NOISE_FA.wav,,,,15,,,2.583333333,2.520833333,0.169554757,TCDvoip,0.928611243,0.371521873,NOISE,62,,,,,,,1.0994945954007547,2.350513520083256,1.0548251867294312
341,,resources/TCDvoip/Test_Set/NOISE/ref/R_15_NOISE_FG.wav,resources/TCDvoip/Test_Set/NOISE/C_15_NOISE_FG.wav,,,,15,,,2.375,2.520833333,0.169554757,TCDvoip,0.875388113,0.350228186,NOISE,57,,,,,,,0.9766297025599312,1.7512008235318803,1.1037567853927612
342,,resources/TCDvoip/Test_Set/NOISE/ref/R_15_NOISE_MK.wav,resources/TCDvoip/Test_Set/NOISE/C_15_NOISE_MK.wav,,,,15,,,2.708333333,2.520833333,0.169554757,TCDvoip,0.806450444,0.322647375,NOISE,65,,,,,,,1.067585629908487,2.0138535858307804,1.388925552368164
343,,resources/TCDvoip/Test_Set/NOISE/ref/R_15_NOISE_ML.wav,resources/TCDvoip/Test_Set/NOISE/C_15_NOISE_ML.wav,,,,15,,,2.416666667,2.520833333,0.169554757,TCDvoip,0.829702234,0.331950028,NOISE,58,,,,,,,1.115527587147038,2.2959866844549515,1.145445704460144
344,,resources/TCDvoip/Test_Set/NOISE/ref/R_16_NOISE_FA.wav,resources/TCDvoip/Test_Set/NOISE/C_16_NOISE_FA.wav,,,,16,,,3.0,2.875,0.156192592,TCDvoip,0.722315119,0.288986234,NOISE,72,,,,,,,0.9170173031349325,1.5531236058174813,1.1254197359085083
345,,resources/TCDvoip/Test_Set/NOISE/ref/R_16_NOISE_FG.wav,resources/TCDvoip/Test_Set/NOISE/C_16_NOISE_FG.wav,,,,16,,,2.791666667,2.875,0.156192592,TCDvoip,0.832970936,0.333257781,NOISE,67,,,,,,,0.7561421545840359,1.6176236315739758,1.1155192852020264
346,,resources/TCDvoip/Test_Set/NOISE/ref/R_16_NOISE_MK.wav,resources/TCDvoip/Test_Set/NOISE/C_16_NOISE_MK.wav,,,,16,,,2.875,2.875,0.156192592,TCDvoip,0.899879219,0.36002667,NOISE,69,,,,,,,0.7779272803127314,1.371660914873746,1.3885588645935059
347,,resources/TCDvoip/Test_Set/NOISE/ref/R_16_NOISE_ML.wav,resources/TCDvoip/Test_Set/NOISE/C_16_NOISE_ML.wav,,,,16,,,2.833333333,2.875,0.156192592,TCDvoip,0.701964118,0.280844138,NOISE,68,,,,,,,0.9029325905809448,1.4789826292804547,1.1537346839904785
348,,resources/TCDvoip/Test_Set/NOISE/ref/R_17_NOISE_FA.wav,resources/TCDvoip/Test_Set/NOISE/C_17_NOISE_FA.wav,,,,17,,,1.458333333,1.489583333,0.134909462,TCDvoip,0.588229966,0.235341,NOISE,35,,,,,,,1.2398089690329803,2.533840551185606,1.0565886497497559
349,,resources/TCDvoip/Test_Set/NOISE/ref/R_17_NOISE_FG.wav,resources/TCDvoip/Test_Set/NOISE/C_17_NOISE_FG.wav,,,,17,,,1.5,1.489583333,0.134909462,TCDvoip,0.659380473,0.263807132,NOISE,36,,,,,,,1.2640434213827811,2.831888512921718,1.0865412950515747
350,,resources/TCDvoip/Test_Set/NOISE/ref/R_17_NOISE_MK.wav,resources/TCDvoip/Test_Set/NOISE/C_17_NOISE_MK.wav,,,,17,,,1.375,1.489583333,0.134909462,TCDvoip,0.646898957,0.258813486,NOISE,33,,,,,,,1.2895466991939117,2.8056930840991607,1.0778450965881348
351,,resources/TCDvoip/Test_Set/NOISE/ref/R_17_NOISE_ML.wav,resources/TCDvoip/Test_Set/NOISE/C_17_NOISE_ML.wav,,,,17,,,1.625,1.489583333,0.134909462,TCDvoip,0.824225592,0.329758915,NOISE,39,,,,,,,1.28216517404099,2.89335737582811,1.102132797241211
352,,resources/TCDvoip/Test_Set/NOISE/ref/R_18_NOISE_FA.wav,resources/TCDvoip/Test_Set/NOISE/C_18_NOISE_FA.wav,,,,18,,,2.041666667,2.135416667,0.167524088,TCDvoip,0.806450444,0.322647375,NOISE,49,,,,,,,1.1945483071564467,2.713253514373723,1.0400433540344238
353,,resources/TCDvoip/Test_Set/NOISE/ref/R_18_NOISE_FG.wav,resources/TCDvoip/Test_Set/NOISE/C_18_NOISE_FG.wav,,,,18,,,2.25,2.135416667,0.167524088,TCDvoip,0.793999233,0.317665853,NOISE,54,,,,,,,1.160408129961795,2.479498577100857,1.0410531759262085
354,,resources/TCDvoip/Test_Set/NOISE/ref/R_18_NOISE_MK.wav,resources/TCDvoip/Test_Set/NOISE/C_18_NOISE_MK.wav,,,,18,,,1.916666667,2.135416667,0.167524088,TCDvoip,0.880546602,0.352292012,NOISE,46,,,,,,,1.1360728018942923,2.329947697253764,1.0558993816375732
355,,resources/TCDvoip/Test_Set/NOISE/ref/R_18_NOISE_ML.wav,resources/TCDvoip/Test_Set/NOISE/C_18_NOISE_ML.wav,,,,18,,,2.333333333,2.135416667,0.167524088,TCDvoip,0.916831342,0.366808932,NOISE,56,,,,,,,1.2187438719876136,2.484643455534537,1.0779099464416504
356,,resources/TCDvoip/Test_Set/NOISE/ref/R_19_NOISE_FA.wav,resources/TCDvoip/Test_Set/NOISE/C_19_NOISE_FA.wav,,,,19,,,1.416666667,1.40625,0.117974902,TCDvoip,0.583592075,0.233485458,NOISE,34,,,,,,,1.3294120224806503,3.5648755530296583,1.0355939865112305
357,,resources/TCDvoip/Test_Set/NOISE/ref/R_19_NOISE_FG.wav,resources/TCDvoip/Test_Set/NOISE/C_19_NOISE_FG.wav,,,,19,,,1.375,1.40625,0.117974902,TCDvoip,0.575779245,0.230359675,NOISE,33,,,,,,,1.251061791795376,3.3345381525903703,1.0410335063934326
358,,resources/TCDvoip/Test_Set/NOISE/ref/R_19_NOISE_MK.wav,resources/TCDvoip/Test_Set/NOISE/C_19_NOISE_MK.wav,,,,19,,,1.375,1.40625,0.117974902,TCDvoip,0.575779245,0.230359675,NOISE,33,,,,,,,1.3415220685472633,3.4148720019208234,1.0535283088684082
359,,resources/TCDvoip/Test_Set/NOISE/ref/R_19_NOISE_ML.wav,resources/TCDvoip/Test_Set/NOISE/C_19_NOISE_ML.wav,,,,19,,,1.458333333,1.40625,0.117974902,TCDvoip,0.65800533,0.26325696,NOISE,35,,,,,,,1.3629153216854235,3.520517615027868,1.0451716184616089
360,,resources/TCDvoip/Test_Set/NOISE/ref/R_20_NOISE_FA.wav,resources/TCDvoip/Test_Set/NOISE/C_20_NOISE_FA.wav,,,,20,,,1.958333333,1.8125,0.17394889,TCDvoip,0.690253052,0.276158736,NOISE,47,,,,,,,1.2028304153160947,2.277087760515045,1.0692124366760254
361,,resources/TCDvoip/Test_Set/NOISE/ref/R_20_NOISE_FG.wav,resources/TCDvoip/Test_Set/NOISE/C_20_NOISE_FG.wav,,,,20,,,1.708333333,1.8125,0.17394889,TCDvoip,0.907896119,0.363234098,NOISE,41,,,,,,,1.2378251159891642,2.162001796168483,1.3497517108917236
362,,resources/TCDvoip/Test_Set/NOISE/ref/R_20_NOISE_MK.wav,resources/TCDvoip/Test_Set/NOISE/C_20_NOISE_MK.wav,,,,20,,,1.791666667,1.8125,0.17394889,TCDvoip,1.020620726,0.408333333,NOISE,43,,,,,,,1.2092797766073713,1.8433839745571439,1.0919212102890015
363,,resources/TCDvoip/Test_Set/NOISE/ref/R_20_NOISE_ML.wav,resources/TCDvoip/Test_Set/NOISE/C_20_NOISE_ML.wav,,,,20,,,1.791666667,1.8125,0.17394889,TCDvoip,0.883627241,0.353524524,NOISE,43,,,,,,,1.2045701864700105,2.201117419633669,1.192068338394165
364,,resources/TCDvoip/Test_Set/NOISE/ref/R_21_NOISE_FA.wav,resources/TCDvoip/Test_Set/NOISE/C_21_NOISE_FA.wav,,,,13,,,4.083333333,4.041666667,0.189868645,TCDvoip,0.974307632,0.389804237,MNRU,98,,,,,,,0.18506333288660365,0.20689930981053642,3.9657633304595947
365,,resources/TCDvoip/Test_Set/NOISE/ref/R_21_NOISE_FG.wav,resources/TCDvoip/Test_Set/NOISE/C_21_NOISE_FG.wav,,,,13,,,3.958333333,4.041666667,0.189868645,TCDvoip,1.082636342,0.433144747,MNRU,95,,,,,,,0.22450350042482398,0.46201715654975023,4.172323703765869
366,,resources/TCDvoip/Test_Set/NOISE/ref/R_21_NOISE_MK.wav,resources/TCDvoip/Test_Set/NOISE/C_21_NOISE_MK.wav,,,,13,,,4.083333333,4.041666667,0.189868645,TCDvoip,0.928611243,0.371521873,MNRU,98,,,,,,,0.19233886757734076,0.24173353340180298,4.3331193923950195
367,,resources/TCDvoip/Test_Set/NOISE/ref/R_21_NOISE_ML.wav,resources/TCDvoip/Test_Set/NOISE/C_21_NOISE_ML.wav,,,,13,,,4.041666667,4.041666667,0.189868645,TCDvoip,0.85867272,0.343540637,MNRU,97,,,,,,,0.2463155471479527,0.40282846709688175,4.3818793296813965
368,,resources/TCDvoip/Test_Set/NOISE/ref/R_22_NOISE_FA.wav,resources/TCDvoip/Test_Set/NOISE/C_22_NOISE_FA.wav,,,,14,,,3.666666667,3.364583333,0.199294498,TCDvoip,0.963086825,0.385314979,MNRU,88,,,,,,,0.41812678590178814,0.5027341991271189,3.6981122493743896
369,,resources/TCDvoip/Test_Set/NOISE/ref/R_22_NOISE_FG.wav,resources/TCDvoip/Test_Set/NOISE/C_22_NOISE_FG.wav,,,,14,,,3.25,3.364583333,0.199294498,TCDvoip,1.032093693,0.412923476,MNRU,78,,,,,,,0.40521401142099983,0.7576965480711422,3.676544666290283
370,,resources/TCDvoip/Test_Set/NOISE/ref/R_22_NOISE_MK.wav,resources/TCDvoip/Test_Set/NOISE/C_22_NOISE_MK.wav,,,,14,,,3.416666667,3.364583333,0.199294498,TCDvoip,0.974307632,0.389804237,MNRU,82,,,,,,,0.40952973450195507,0.424138216978182,3.7727813720703125
371,,resources/TCDvoip/Test_Set/NOISE/ref/R_22_NOISE_ML.wav,resources/TCDvoip/Test_Set/NOISE/C_22_NOISE_ML.wav,,,,14,,,3.125,3.364583333,0.199294498,TCDvoip,1.075922254,0.430458552,MNRU,75,,,,,,,0.3662057216947905,0.26195385380876735,3.8069064617156982
372,,resources/TCDvoip/Test_Set/NOISE/ref/R_23_NOISE_FA.wav,resources/TCDvoip/Test_Set/NOISE/C_23_NOISE_FA.wav,,,,15,,,2.25,2.479166667,0.1794125,TCDvoip,0.793999233,0.317665853,MNRU,54,,,,,,,0.673635515323707,0.9462428511037555,2.0430634021759033
373,,resources/TCDvoip/Test_Set/NOISE/ref/R_23_NOISE_FG.wav,resources/TCDvoip/Test_Set/NOISE/C_23_NOISE_FG.wav,,,,15,,,2.708333333,2.479166667,0.1794125,TCDvoip,0.954584666,0.381913407,MNRU,65,,,,,,,0.6289914887330458,1.1802613346164872,2.574164867401123
374,,resources/TCDvoip/Test_Set/NOISE/ref/R_23_NOISE_MK.wav,resources/TCDvoip/Test_Set/NOISE/C_23_NOISE_MK.wav,,,,15,,,2.333333333,2.479166667,0.1794125,TCDvoip,1.049499536,0.419887263,MNRU,56,,,,,,,0.7126680281447004,1.3994144225561247,2.0627734661102295
375,,resources/TCDvoip/Test_Set/NOISE/ref/R_23_NOISE_ML.wav,resources/TCDvoip/Test_Set/NOISE/C_23_NOISE_ML.wav,,,,15,,,2.625,2.479166667,0.1794125,TCDvoip,0.824225592,0.329758915,MNRU,63,,,,,,,0.723617160577253,0.9636408883594405,2.2885453701019287
376,,resources/TCDvoip/Test_Set/NOISE/ref/R_24_NOISE_FA.wav,resources/TCDvoip/Test_Set/NOISE/C_24_NOISE_FA.wav,,,,16,,,1.625,1.572916667,0.139765703,TCDvoip,0.875388113,0.350228186,MNRU,39,,,,,,,0.9202917285018029,2.3303369081905996,1.1257582902908325
377,,resources/TCDvoip/Test_Set/NOISE/ref/R_24_NOISE_FG.wav,resources/TCDvoip/Test_Set/NOISE/C_24_NOISE_FG.wav,,,,16,,,1.416666667,1.572916667,0.139765703,TCDvoip,0.583592075,0.233485458,MNRU,34,,,,,,,0.9182119281807932,2.058414782590417,1.2752866744995117
378,,resources/TCDvoip/Test_Set/NOISE/ref/R_24_NOISE_MK.wav,resources/TCDvoip/Test_Set/NOISE/C_24_NOISE_MK.wav,,,,16,,,1.541666667,1.572916667,0.139765703,TCDvoip,0.779027636,0.311675967,MNRU,37,,,,,,,0.9124987713916544,2.4779058308291173,1.2367719411849976
379,,resources/TCDvoip/Test_Set/NOISE/ref/R_24_NOISE_ML.wav,resources/TCDvoip/Test_Set/NOISE/C_24_NOISE_ML.wav,,,,16,,,1.708333333,1.572916667,0.139765703,TCDvoip,0.550032937,0.220059006,MNRU,41,,,,,,,0.9727480634993024,2.0133888107390048,1.216170072555542
